"rank","index","po_annotation","re_annotation","match_labels"
1,"im11464.jpg","clouds; plant_life; sky; tree","",""
2,"im23839.jpg","clouds; flower; plant_life; sky; structures","clouds","clouds"
3,"im452.jpg","clouds; plant_life; sky","",""
4,"im2167.jpg","night; plant_life; sky; sunset","night",""
5,"im8513.jpg","clouds; sea; sky; structures; sunset; transport; water","clouds","clouds"
6,"im24685.jpg","clouds; plant_life; sky; structures; sunset; tree; water","clouds","clouds"
7,"im16293.jpg","clouds; lake; plant_life; river; sky; sunset; tree; water","",""
8,"im16131.jpg","clouds; lake; plant_life; river; sky; sunset; water","clouds","clouds"
9,"im347.jpg","clouds; plant_life; river; sky; tree; water","river",""
10,"im460.jpg","clouds; river; sky; structures; sunset; water","",""
11,"im10022.jpg","clouds; male; people; plant_life; sky","people",""
12,"im8523.jpg","clouds; lake; plant_life; river; sky; sunset; water","",""
13,"im22097.jpg","clouds; plant_life; sky; structures; sunset; tree","",""
14,"im14924.jpg","clouds; lake; plant_life; river; sky; sunset; tree; water","",""
15,"im1699.jpg","flower; plant_life; sky; structures; tree","flower",""
16,"im8753.jpg","clouds; lake; plant_life; river; sky; sunset; tree; water","clouds","clouds"
17,"im7982.jpg","clouds; lake; plant_life; river; sky; sunset; tree; water","clouds","clouds"
18,"im3055.jpg","plant_life; transport","",""
19,"im4156.jpg","clouds; plant_life; sea; sky; sunset; tree; water","clouds","clouds"
20,"im7120.jpg","clouds; female; lake; male; people; river; sea; sky; sunset; transport; water","clouds; people","clouds"
21,"im11856.jpg","clouds; plant_life; sky; structures; transport; tree; water","clouds","clouds"
22,"im18541.jpg","clouds; lake; plant_life; sea; sky; sunset; water","clouds","clouds"
23,"im17327.jpg","clouds; lake; sea; sky; structures; water","clouds","clouds"
24,"im13094.jpg","clouds; lake; male; people; sea; sky; sunset; transport; water","clouds; people","clouds"
25,"im18447.jpg","clouds; lake; river; sky; sunset; water","clouds","clouds"
26,"im18943.jpg","lake; plant_life; river; sky; sunset; tree; water","",""
27,"im23798.jpg","clouds; night; plant_life; sea; sky; structures; tree; water","night",""
28,"im24219.jpg","clouds; lake; plant_life; river; sea; sky; sunset; water","clouds","clouds"
29,"im13340.jpg","clouds; lake; plant_life; sea; sky; tree; water","clouds","clouds"
30,"im24713.jpg","clouds; plant_life; river; sky; water","clouds; river","clouds"
31,"im8952.jpg","clouds; lake; plant_life; river; sky; sunset; tree; water","clouds; river","clouds"
32,"im18182.jpg","clouds; plant_life; sky","",""
33,"im2256.jpg","clouds; plant_life; river; sky; structures; sunset; tree; water","",""
34,"im8166.jpg","clouds; lake; plant_life; river; sea; sky; sunset; tree; water","clouds","clouds"
35,"im8421.jpg","clouds; lake; plant_life; river; sea; sky; sunset; water","clouds","clouds"
36,"im12450.jpg","clouds; indoor; plant_life; sky; tree","clouds","clouds"
37,"im9608.jpg","clouds; lake; plant_life; river; sky; sunset; tree; water","clouds; river","clouds"
38,"im22961.jpg","lake; plant_life; sea; sky; sunset; tree; water","",""
39,"im8354.jpg","clouds; lake; plant_life; sea; sky; sunset; tree; water","clouds","clouds"
40,"im2315.jpg","clouds; river; sky; structures; water","",""
41,"im15926.jpg","clouds; lake; plant_life; sea; sky; tree; water","clouds","clouds"
42,"im22498.jpg","clouds; lake; plant_life; sea; sky; sunset; tree; water","",""
43,"im16071.jpg","clouds; lake; sea; sky; structures; sunset; water","",""
44,"im9325.jpg","clouds; plant_life; river; sky; water","clouds","clouds"
45,"im21135.jpg","clouds; lake; plant_life; river; sea; sky; sunset; tree; water","",""
46,"im18955.jpg","clouds; lake; plant_life; sea; sky; tree; water","clouds; tree","clouds"
47,"im21247.jpg","plant_life; sky; sunset","",""
48,"im5097.jpg","clouds; sea; sky; sunset; water","clouds","clouds"
49,"im12937.jpg","clouds; night; sea; sky; sunset; water","",""
50,"im5789.jpg","clouds; lake; male; people; plant_life; sky; sunset; tree; water","clouds; male; people","clouds"
51,"im5835.jpg","clouds; lake; plant_life; sky; tree; water","clouds; tree","clouds"
52,"im3963.jpg","clouds; lake; plant_life; river; sky; sunset; transport; tree; water","clouds","clouds"
53,"im20698.jpg","clouds; lake; plant_life; river; sky; water","",""
54,"im1414.jpg","clouds; indoor; lake; plant_life; sky; tree; water","clouds","clouds"
55,"im24439.jpg","clouds; sea; sky; sunset; water","clouds; sea","clouds"
56,"im19236.jpg","male; people; plant_life; sky; tree","male; people",""
57,"im23668.jpg","clouds; lake; sea; sky; structures; water","",""
58,"im9822.jpg","clouds; sea; sky; sunset; water","clouds; sea","clouds"
59,"im13111.jpg","clouds; lake; night; river; sea; sky; structures; water","clouds; night","clouds"
60,"im18070.jpg","clouds; lake; male; people; plant_life; sea; sky; sunset; water","clouds; people","clouds"
61,"im14719.jpg","clouds; female; male; people; plant_life; river; sky; transport; tree; water","clouds; river","clouds"
62,"im19241.jpg","lake; plant_life; river; structures; tree; water","",""
63,"im9929.jpg","plant_life; sea; sky; sunset; tree; water","",""
64,"im14752.jpg","lake; plant_life; river; sea; sky; sunset; transport; tree; water","",""
65,"im3106.jpg","clouds; sea; sky; sunset; water","sea",""
66,"im12146.jpg","clouds; lake; plant_life; river; sky; sunset; tree; water","river",""
67,"im15997.jpg","clouds; plant_life; sea; sky; structures; tree; water","",""
68,"im708.jpg","clouds; plant_life; sky; structures; tree","",""
69,"im8495.jpg","clouds; lake; plant_life; river; sea; sky; sunset; tree; water","clouds","clouds"
70,"im15292.jpg","clouds; lake; sky; structures; sunset; water","clouds","clouds"
71,"im24242.jpg","clouds; plant_life; river; sea; sky; sunset; water","clouds","clouds"
72,"im20095.jpg","clouds; plant_life; sea; sky; sunset; transport; tree; water","clouds","clouds"
73,"im18228.jpg","clouds; lake; plant_life; river; sky; sunset; tree; water","clouds","clouds"
74,"im6446.jpg","clouds; lake; river; sea; sky; structures; sunset; water","",""
75,"im14606.jpg","clouds; lake; plant_life; river; sky; sunset; transport; tree; water","clouds","clouds"
76,"im3756.jpg","clouds; lake; night; plant_life; sky; sunset; tree; water","night",""
77,"im10757.jpg","clouds; plant_life; sky; structures; sunset; transport; tree","clouds","clouds"
78,"im7709.jpg","clouds; lake; plant_life; river; sea; sky; sunset; tree; water","clouds","clouds"
79,"im22552.jpg","clouds; male; people; plant_life; river; sky; water","clouds; male; people","clouds"
80,"im8591.jpg","clouds; lake; plant_life; river; sky; sunset; tree; water","clouds","clouds"
81,"im17591.jpg","clouds; plant_life; sky; sunset; tree","clouds","clouds"
82,"im1251.jpg","clouds; plant_life; sky","clouds","clouds"
83,"im23170.jpg","plant_life; river; sky; structures; sunset; water","",""
84,"im15575.jpg","clouds; lake; plant_life; river; sky; sunset; transport; tree; water","clouds; river","clouds"
85,"im18026.jpg","clouds; lake; sea; sky; sunset; water","",""
86,"im21081.jpg","clouds; sea; sky; structures; sunset; water","",""
87,"im3215.jpg","clouds; plant_life; sea; sky; tree; water","",""
88,"im2452.jpg","clouds; plant_life; sky; structures","clouds","clouds"
89,"im18311.jpg","clouds; lake; plant_life; river; sky; structures; tree; water","clouds","clouds"
90,"im24729.jpg","clouds; flower; plant_life; sky","clouds","clouds"
91,"im3917.jpg","clouds; sea; sky; sunset; water","",""
92,"im10653.jpg","clouds; lake; plant_life; river; sky; structures; sunset; tree; water","river",""
93,"im2581.jpg","clouds; lake; plant_life; sky; sunset; tree; water","clouds","clouds"
94,"im8716.jpg","clouds; lake; river; sky; structures; sunset; water","",""
95,"im23259.jpg","clouds; lake; plant_life; river; sky; sunset; tree; water","clouds","clouds"
96,"im13921.jpg","clouds; lake; river; sky; sunset; transport; water","river",""
97,"im12537.jpg","clouds; night; sky","night",""
98,"im11239.jpg","clouds; lake; sky; water","clouds","clouds"
99,"im17051.jpg","clouds; lake; plant_life; river; sky; sunset; transport; tree; water","river",""
100,"im2234.jpg","clouds; plant_life; sky; structures; sunset; tree","",""
101,"im23210.jpg","clouds; lake; plant_life; river; sky; sunset; tree; water","clouds","clouds"
102,"im5478.jpg","clouds; plant_life; sky; structures; sunset","clouds","clouds"
103,"im13673.jpg","clouds; plant_life; sky; structures; sunset; tree","clouds","clouds"
104,"im384.jpg","clouds; sea; sky; structures; water","",""
105,"im24284.jpg","clouds; flower; plant_life; sky; tree","clouds","clouds"
106,"im15491.jpg","clouds; lake; night; plant_life; river; sky; structures; sunset; tree; water","",""
107,"im15253.jpg","clouds; lake; plant_life; sky; tree; water","",""
108,"im13958.jpg","clouds; sky; sunset; water","",""
109,"im4582.jpg","clouds; plant_life; sea; sky; sunset; tree; water","clouds","clouds"
110,"im22109.jpg","animals; dog; plant_life; sky; tree","dog",""
111,"im18157.jpg","clouds; lake; plant_life; river; sky; structures; tree; water","clouds","clouds"
112,"im23995.jpg","car; clouds; sea; sky; structures; transport; water","clouds","clouds"
113,"im15163.jpg","clouds; lake; night; river; sea; sky; sunset; water","",""
114,"im17060.jpg","clouds; plant_life; river; sky; transport; tree; water","clouds; river","clouds"
115,"im17750.jpg","clouds; lake; plant_life; river; sky; tree; water","clouds; river","clouds"
116,"im13447.jpg","clouds; night; sky","night",""
117,"im14102.jpg","lake; plant_life; river; sky; tree; water","",""
118,"im4251.jpg","clouds; sea; sky; sunset; water","clouds","clouds"
119,"im24741.jpg","clouds; river; sea; sky; sunset; water","clouds","clouds"
120,"im15981.jpg","clouds; lake; sea; sky; sunset; transport; water","clouds","clouds"
121,"im24270.jpg","clouds; lake; plant_life; sea; sky; tree; water","",""
122,"im5682.jpg","clouds; lake; plant_life; river; sky; sunset; tree; water","clouds; river","clouds"
123,"im24672.jpg","clouds; lake; sea; sky; structures; water","clouds","clouds"
124,"im2799.jpg","clouds; night; sea; sky; sunset; water","night",""
125,"im15024.jpg","clouds; lake; plant_life; river; sky; tree; water","clouds; river","clouds"
126,"im7605.jpg","car; clouds; plant_life; sky; transport","",""
127,"im14800.jpg","clouds; lake; plant_life; river; sky; tree; water","clouds; river","clouds"
128,"im10384.jpg","clouds; lake; plant_life; sky; tree; water","clouds","clouds"
129,"im6395.jpg","clouds; plant_life; sky; tree","",""
130,"im1450.jpg","clouds; plant_life; sky; structures; sunset; tree","clouds","clouds"
131,"im14730.jpg","clouds; sky; sunset","clouds","clouds"
132,"im307.jpg","clouds; plant_life; sky; tree","clouds","clouds"
133,"im4945.jpg","clouds; plant_life; sky; sunset; tree","clouds","clouds"
134,"im24711.jpg","clouds; lake; plant_life; sky; water","clouds","clouds"
135,"im16276.jpg","clouds; plant_life; sky; sunset; tree","clouds","clouds"
136,"im14224.jpg","plant_life; sky; structures; sunset; transport; tree","",""
137,"im1807.jpg","clouds; sky","",""
138,"im12761.jpg","clouds; plant_life; river; sky; structures; sunset; tree; water","clouds; river","clouds"
139,"im19197.jpg","clouds; lake; plant_life; river; sky; sunset; tree; water","",""
140,"im15320.jpg","clouds; sea; sky; structures; sunset; water","clouds","clouds"
141,"im8269.jpg","clouds; plant_life; sky; structures; sunset; tree","clouds","clouds"
142,"im21941.jpg","clouds; flower; plant_life; sea; sky; water","clouds","clouds"
143,"im10124.jpg","clouds; plant_life; sky; sunset; tree","clouds","clouds"
144,"im14237.jpg","clouds; plant_life; sky; structures; tree","clouds","clouds"
145,"im23154.jpg","lake; plant_life; river; sky; structures; tree; water","",""
146,"im1155.jpg","clouds; plant_life; river; sky; tree; water","clouds; river","clouds"
147,"im16288.jpg","lake; plant_life; sea; sky; water","",""
148,"im17019.jpg","clouds; sky","clouds","clouds"
149,"im6983.jpg","clouds; night; plant_life; sky; sunset; tree","",""
150,"im20800.jpg","clouds; plant_life; sea; sky; sunset; tree; water","clouds","clouds"
151,"im12511.jpg","animals; bird; clouds; lake; river; sea; sky; sunset; water","bird; clouds","clouds"
152,"im24458.jpg","clouds; plant_life; sky; sunset","clouds","clouds"
153,"im24303.jpg","clouds; plant_life; sea; sky; sunset; tree; water","",""
154,"im9207.jpg","animals; clouds; dog; plant_life; sky; structures; tree","dog",""
155,"im9915.jpg","clouds; lake; male; people; river; sky; sunset; transport; water","clouds; male; people; river","clouds"
156,"im21897.jpg","clouds; lake; sky; sunset; water","clouds","clouds"
157,"im23584.jpg","clouds; lake; plant_life; river; sky; tree; water","clouds","clouds"
158,"im3617.jpg","clouds; lake; plant_life; river; sky; transport; tree; water","",""
159,"im24606.jpg","clouds; sky; sunset","clouds","clouds"
160,"im12373.jpg","clouds; plant_life; sea; sky; water","clouds","clouds"
161,"im8184.jpg","clouds; sky; structures; sunset","clouds","clouds"
162,"im7191.jpg","clouds; plant_life; sky; sunset; tree","clouds","clouds"
163,"im16432.jpg","clouds; lake; plant_life; sky; sunset; tree; water","clouds","clouds"
164,"im21887.jpg","clouds; plant_life; sea; sky; water","clouds; sea","clouds"
165,"im14409.jpg","clouds; lake; plant_life; river; sky; structures; tree; water","clouds","clouds"
166,"im23914.jpg","clouds; lake; sky; transport; water","clouds","clouds"
167,"im8746.jpg","clouds; plant_life; sea; sky; sunset; tree; water","clouds","clouds"
168,"im21601.jpg","clouds; plant_life; sky; structures","clouds","clouds"
169,"im15129.jpg","clouds; plant_life; sky; sunset; tree","clouds","clouds"
170,"im12468.jpg","clouds; plant_life; sky; tree","clouds","clouds"
171,"im22148.jpg","clouds; plant_life; river; sky; tree; water","clouds; river","clouds"
172,"im6962.jpg","female; people; plant_life; sky; sunset","female; people",""
173,"im11859.jpg","","",""
174,"im6918.jpg","clouds; plant_life; sky; sunset; tree","",""
175,"im19292.jpg","clouds; plant_life; sea; sky; structures; sunset; water","",""
176,"im18346.jpg","clouds; plant_life; sky; tree","clouds","clouds"
177,"im18697.jpg","clouds; lake; plant_life; river; sea; sky; sunset; water","",""
178,"im23847.jpg","clouds; sky","clouds","clouds"
179,"im22782.jpg","clouds; lake; river; sea; sky; water","clouds","clouds"
180,"im4159.jpg","clouds; lake; night; plant_life; sky; sunset; tree; water","",""
181,"im10312.jpg","clouds; river; sky; structures; sunset; water","clouds; river","clouds"
182,"im23112.jpg","clouds; sky","clouds","clouds"
183,"im15272.jpg","clouds; lake; sky; structures; sunset; water","",""
184,"im21804.jpg","clouds; flower; plant_life; sea; sky; water","clouds","clouds"
185,"im2092.jpg","clouds; plant_life; sky; structures; tree","clouds","clouds"
186,"im23497.jpg","clouds; lake; sea; sky; structures; water","clouds","clouds"
187,"im18622.jpg","clouds; lake; male; people; plant_life; sky; structures; tree; water","clouds","clouds"
188,"im24933.jpg","clouds; plant_life; sky; structures; sunset; tree","clouds","clouds"
189,"im8317.jpg","clouds; lake; night; plant_life; river; sky; sunset; tree; water","clouds","clouds"
190,"im6766.jpg","clouds; plant_life; sky; structures; sunset; tree","",""
191,"im16977.jpg","clouds; lake; plant_life; river; sky; tree; water","",""
192,"im23855.jpg","clouds; plant_life; sky; structures; tree","clouds","clouds"
193,"im16460.jpg","clouds; lake; night; plant_life; river; sky; structures; sunset; water","",""
194,"im12857.jpg","clouds; river; sky; structures; sunset; water","clouds","clouds"
195,"im759.jpg","clouds; plant_life; river; sky; tree; water","clouds","clouds"
196,"im16262.jpg","clouds; male; people; sea; sky; water","male; people",""
197,"im968.jpg","clouds; plant_life; sky; structures; tree","clouds","clouds"
198,"im9982.jpg","clouds; lake; river; sky; structures; water","",""
199,"im21492.jpg","clouds; plant_life; sea; sky; structures; water","",""
200,"im11840.jpg","clouds; lake; sea; sky; structures; sunset; water","",""
201,"im20569.jpg","clouds; lake; male; night; people; sea; sky; structures; sunset; transport; water","clouds; male; people","clouds"
202,"im22620.jpg","clouds; lake; sea; sky; sunset; transport; water","",""
203,"im16364.jpg","clouds; sea; sky; sunset; water","",""
204,"im8850.jpg","clouds; sea; sky; sunset; water","clouds","clouds"
205,"im405.jpg","clouds; sea; sky; sunset; water","clouds; sea","clouds"
206,"im21368.jpg","clouds; plant_life; sky","",""
207,"im23859.jpg","clouds; plant_life; sky; structures; tree","clouds","clouds"
208,"im8326.jpg","clouds; plant_life; sky; tree","clouds","clouds"
209,"im17423.jpg","clouds; sea; sky; sunset; water","sea",""
210,"im13251.jpg","night; sky; structures","",""
211,"im23827.jpg","clouds; sea; sky; transport; water","",""
212,"im3328.jpg","clouds; lake; plant_life; river; sky; structures; tree; water","clouds","clouds"
213,"im22462.jpg","clouds; lake; male; people; plant_life; sky; structures; tree; water","male; people",""
214,"im17625.jpg","car; clouds; plant_life; sky; structures; transport; tree","clouds","clouds"
215,"im8922.jpg","clouds; male; people; plant_life; sky; sunset; tree","clouds; male; people","clouds"
216,"im21499.jpg","clouds; lake; sea; sky; structures; sunset; water","clouds","clouds"
217,"im17525.jpg","clouds; river; sky; structures; sunset; water","clouds; river","clouds"
218,"im13565.jpg","clouds; plant_life; sky; structures; sunset; tree","clouds","clouds"
219,"im17153.jpg","clouds; river; sea; sky; structures; sunset; transport; water","clouds","clouds"
220,"im195.jpg","clouds; sky","",""
221,"im14950.jpg","lake; plant_life; sky; structures; transport; tree; water","tree",""
222,"im3806.jpg","clouds; plant_life; sky","",""
223,"im3719.jpg","clouds; sky","clouds","clouds"
224,"im16734.jpg","clouds; sky","clouds","clouds"
225,"im19087.jpg","clouds; lake; sea; sky; sunset; water","clouds","clouds"
226,"im13772.jpg","clouds; plant_life; sky; structures","clouds","clouds"
227,"im18761.jpg","animals; clouds; lake; plant_life; sea; sky; water","clouds","clouds"
228,"im17215.jpg","clouds; flower; plant_life; sky; structures; sunset","clouds","clouds"
229,"im16177.jpg","clouds; lake; plant_life; river; sky; structures; sunset; transport; tree; water","clouds","clouds"
230,"im18596.jpg","clouds; sea; sky; water","clouds","clouds"
231,"im20931.jpg","clouds; plant_life; sky; structures; tree","clouds","clouds"
232,"im23622.jpg","clouds; lake; sea; sky; structures; sunset; water","clouds","clouds"
233,"im22783.jpg","clouds; lake; plant_life; river; sky; sunset; tree; water","clouds","clouds"
234,"im5625.jpg","clouds; lake; plant_life; sky; sunset; tree; water","clouds","clouds"
235,"im221.jpg","clouds; sky; sunset","clouds","clouds"
236,"im580.jpg","clouds; male; people; plant_life; sky; tree","male; people",""
237,"im233.jpg","clouds; flower; plant_life; sky; tree","clouds; tree","clouds"
238,"im18444.jpg","clouds; plant_life; river; sky; structures; water","clouds","clouds"
239,"im11747.jpg","clouds; sea; sky; sunset; water","clouds; sea","clouds"
240,"im18306.jpg","clouds; sky; transport","clouds","clouds"
241,"im22374.jpg","clouds; night; sea; sky; water","night",""
242,"im19302.jpg","clouds; sea; sky; structures; sunset; water","clouds; sea","clouds"
243,"im22523.jpg","clouds; river; sky; structures; transport; water","",""
244,"im4067.jpg","clouds; sea; sky; sunset; transport; water","",""
245,"im17827.jpg","clouds; sky","clouds","clouds"
246,"im21411.jpg","clouds; plant_life; river; sky; transport; tree; water","river",""
247,"im23176.jpg","clouds; plant_life; river; sky; structures; sunset; tree; water","clouds","clouds"
248,"im911.jpg","clouds; sky; structures; sunset; transport","",""
249,"im1302.jpg","clouds; plant_life; sky; structures","",""
250,"im12329.jpg","animals; bird; clouds; sea; sky; water","clouds","clouds"
251,"im7381.jpg","clouds; sea; sky; sunset; water","clouds","clouds"
252,"im23799.jpg","clouds; indoor; lake; plant_life; sea; sky; structures; tree; water","",""
253,"im19257.jpg","clouds; female; lake; male; people; plant_life; river; sky; sunset; tree; water","clouds; people","clouds"
254,"im21881.jpg","clouds; sea; sky; sunset; water","clouds; sea","clouds"
255,"im10420.jpg","clouds; plant_life; river; sky; transport; tree; water","river",""
256,"im2447.jpg","clouds; plant_life; sea; sky; water","",""
257,"im14315.jpg","clouds; lake; plant_life; river; sea; sky; structures; sunset; transport; tree; water","clouds","clouds"
258,"im5249.jpg","clouds; lake; sea; sky; structures; sunset; water","",""
259,"im10994.jpg","clouds; plant_life; sky; tree","",""
260,"im18922.jpg","clouds; lake; plant_life; sea; sky; tree; water","clouds","clouds"
261,"im8403.jpg","clouds; lake; plant_life; sky; sunset; water","clouds","clouds"
262,"im5965.jpg","clouds; plant_life; sea; sky; structures; sunset; water","clouds","clouds"
263,"im21652.jpg","night; sky; sunset","",""
264,"im17563.jpg","male; people; plant_life; portrait","people; portrait",""
265,"im16196.jpg","clouds; lake; sea; sky; structures; sunset; water","clouds","clouds"
266,"im5082.jpg","clouds; lake; sky; water","clouds","clouds"
267,"im23697.jpg","clouds; plant_life; sea; sky; sunset; water","clouds","clouds"
268,"im14158.jpg","clouds; female; male; people; sea; sky; structures; water","clouds","clouds"
269,"im11589.jpg","clouds; plant_life; sky; sunset; tree","",""
270,"im23993.jpg","clouds; plant_life; sky; structures","clouds","clouds"
271,"im11448.jpg","clouds; lake; sky; water","clouds","clouds"
272,"im17394.jpg","female; lake; male; people; sea; sky; structures; sunset; water","people",""
273,"im6034.jpg","clouds; sky; sunset","clouds","clouds"
274,"im12898.jpg","clouds; plant_life; sea; sky; tree; water","clouds; sea","clouds"
275,"im6227.jpg","plant_life; sky; sunset; tree","tree",""
276,"im2793.jpg","clouds; female; male; people; sea; sky; structures; water","male; people",""
277,"im10080.jpg","clouds; sky; structures; sunset","clouds","clouds"
278,"im1989.jpg","clouds; lake; plant_life; river; sky; sunset; tree; water","",""
279,"im12228.jpg","clouds; lake; plant_life; sky; sunset; tree; water","",""
280,"im17531.jpg","plant_life","",""
281,"im10809.jpg","clouds; sea; sky; structures; sunset; water","clouds","clouds"
282,"im24189.jpg","clouds; night; sea; sky; water","night",""
283,"im20912.jpg","clouds; sea; sky; water","clouds","clouds"
284,"im20791.jpg","clouds; plant_life; sky; tree","clouds","clouds"
285,"im12821.jpg","clouds; lake; plant_life; river; sky; sunset; tree; water","",""
286,"im18149.jpg","clouds; lake; plant_life; sea; sky; structures; sunset; tree; water","clouds","clouds"
287,"im23972.jpg","clouds; sea; sky; sunset; water","",""
288,"im3924.jpg","clouds; male; people; sky; sunset","male; people",""
289,"im716.jpg","clouds; sky; sunset","clouds","clouds"
290,"im8682.jpg","clouds; sea; sky; structures; sunset; water","sea",""
291,"im10041.jpg","clouds; sea; sky; sunset; water","clouds; sea","clouds"
292,"im5691.jpg","clouds; male; people; plant_life; river; sky; water","male; people",""
293,"im12980.jpg","sea; sky; structures; sunset; water","sea",""
294,"im1035.jpg","lake; sky; structures; sunset; water","",""
295,"im22902.jpg","clouds; female; male; people; sea; sky; structures; transport; water","people",""
296,"im4919.jpg","clouds; night; sky; structures; sunset","clouds; night","clouds"
297,"im17317.jpg","plant_life; sea; sky; tree; water","tree",""
298,"im12185.jpg","river; sea; sky; structures; sunset; water","",""
299,"im13046.jpg","plant_life; sunset","",""
300,"im15172.jpg","clouds; female; people; plant_life; sea; sky; sunset; water","people",""
301,"im24323.jpg","clouds; lake; plant_life; sky; tree; water","",""
302,"im9043.jpg","clouds; lake; sea; sky; structures; sunset; water","clouds","clouds"
303,"im1149.jpg","clouds; plant_life; sky; sunset; tree","clouds; tree","clouds"
304,"im14529.jpg","clouds; plant_life; sky; sunset; tree","",""
305,"im22785.jpg","indoor; lake; male; people; river; sea; sky; transport; water","people",""
306,"im11175.jpg","clouds; sky; sunset; transport","clouds","clouds"
307,"im21231.jpg","clouds; sea; sky; sunset; transport; water","clouds; sea","clouds"
308,"im20587.jpg","plant_life; sky; structures; tree","",""
309,"im2140.jpg","clouds; female; people; plant_life; sky; tree","clouds; female; people","clouds"
310,"im21964.jpg","clouds; night; plant_life; river; sky; structures; tree; water","",""
311,"im15233.jpg","clouds; lake; night; sea; sky; structures; water","night",""
312,"im1261.jpg","clouds; night; sky; structures; sunset; water","night",""
313,"im1999.jpg","clouds; sky","clouds","clouds"
314,"im18591.jpg","clouds; plant_life; sea; sky; sunset; water","sea",""
315,"im982.jpg","clouds; plant_life; sky; structures; sunset; tree","clouds","clouds"
316,"im7201.jpg","clouds; plant_life; sky; structures; sunset; tree","clouds","clouds"
317,"im20532.jpg","clouds; river; sky; structures; sunset; water","",""
318,"im14076.jpg","clouds; lake; night; plant_life; river; sea; sky; structures; water","night",""
319,"im10340.jpg","plant_life; sky; structures","",""
320,"im22924.jpg","car; clouds; plant_life; sky; structures; sunset; transport; tree","clouds","clouds"
321,"im21916.jpg","clouds; sky; transport","clouds","clouds"
322,"im12962.jpg","clouds; male; people; sea; sky; water","male; people",""
323,"im1766.jpg","clouds; sea; sky; sunset; water","clouds","clouds"
324,"im24817.jpg","clouds; plant_life; river; sky; tree; water","river",""
325,"im11546.jpg","clouds; plant_life; sky; sunset","clouds","clouds"
326,"im191.jpg","clouds; sea; sky; structures; sunset; water","clouds","clouds"
327,"im731.jpg","clouds; sea; sky; sunset; water","",""
328,"im16219.jpg","clouds; plant_life; sky; tree","clouds","clouds"
329,"im11861.jpg","people; plant_life; structures; tree","",""
330,"im7544.jpg","animals; bird; lake; sea; sky; structures; sunset; water","",""
331,"im17158.jpg","clouds; sea; sky; structures; water","",""
332,"im10172.jpg","lake; night; plant_life; river; sky; structures; sunset; tree; water","night",""
333,"im2130.jpg","clouds; plant_life; sky; structures; sunset; tree","clouds","clouds"
334,"im368.jpg","clouds; sky","clouds","clouds"
335,"im16026.jpg","clouds; sea; sky; sunset; water","",""
336,"im5922.jpg","clouds; sky","clouds","clouds"
337,"im17314.jpg","plant_life; sky; sunset","",""
338,"im11573.jpg","clouds; plant_life; sky; tree; water","clouds","clouds"
339,"im17360.jpg","clouds; lake; night; plant_life; river; sky; structures; sunset; tree; water","",""
340,"im6271.jpg","clouds; plant_life; sky; sunset","",""
341,"im15778.jpg","clouds; night; plant_life; sky; structures; sunset; tree","",""
342,"im7940.jpg","clouds; plant_life; sky; sunset; tree","",""
343,"im4107.jpg","clouds; sea; sky; structures; sunset; water","",""
344,"im5859.jpg","clouds; flower; plant_life; sky","flower",""
345,"im18289.jpg","clouds; plant_life; sky; structures; sunset; tree","clouds","clouds"
346,"im24735.jpg","clouds; plant_life; sky","clouds","clouds"
347,"im12261.jpg","sea; sky; sunset; water","",""
348,"im12921.jpg","clouds; lake; plant_life; river; sky; tree; water","clouds","clouds"
349,"im21214.jpg","","",""
350,"im19453.jpg","clouds; sky; sunset","clouds","clouds"
351,"im24378.jpg","clouds; lake; plant_life; river; sky; water","",""
352,"im10526.jpg","clouds; lake; river; sea; sky; structures; sunset; water","clouds","clouds"
353,"im8507.jpg","clouds; female; people; sea; sky; sunset; water","people",""
354,"im9624.jpg","clouds; male; people; sea; sky; water","clouds; people","clouds"
355,"im10160.jpg","lake; plant_life; sky; tree; water","",""
356,"im4162.jpg","clouds; plant_life; river; sky; structures; sunset; tree; water","",""
357,"im15179.jpg","female; people; plant_life; river; sea; transport; water","female; people",""
358,"im13125.jpg","clouds; male; people; sky","clouds; people","clouds"
359,"im18035.jpg","clouds; flower; plant_life; sky; structures; tree","",""
360,"im20225.jpg","clouds; lake; sea; sky; structures; sunset; water","",""
361,"im2231.jpg","clouds; sky; water","clouds","clouds"
362,"im5649.jpg","clouds; plant_life; sky; tree","clouds","clouds"
363,"im12039.jpg","clouds; plant_life; sky; structures; sunset; tree","",""
364,"im8740.jpg","clouds; plant_life; sky; sunset; tree","clouds","clouds"
365,"im2894.jpg","sea; sky; water","",""
366,"im1165.jpg","animals; bird; indoor; structures; sunset","",""
367,"im17229.jpg","clouds; flower; plant_life; sky; tree","flower",""
368,"im16324.jpg","clouds; lake; plant_life; sea; sky; sunset; water","",""
369,"im14455.jpg","lake; night; plant_life; structures; sunset; tree; water","",""
370,"im5422.jpg","clouds; flower; plant_life; sky; sunset","",""
371,"im11327.jpg","clouds; night; plant_life; sky; sunset; tree","",""
372,"im24998.jpg","clouds; female; people; sea; sky; water","clouds; sea","clouds"
373,"im1816.jpg","clouds; sky; sunset; transport; water","clouds","clouds"
374,"im17404.jpg","clouds; lake; plant_life; river; sky; tree; water","clouds","clouds"
375,"im19845.jpg","lake; male; night; people; river; sky; structures; water","male; people",""
376,"im3226.jpg","clouds; plant_life; river; sky; structures; sunset; water","clouds","clouds"
377,"im9949.jpg","plant_life; river; water","",""
378,"im6558.jpg","clouds; plant_life; sea; sky; structures; sunset; tree; water","clouds","clouds"
379,"im10181.jpg","animals; bird; clouds; plant_life; sky; structures; sunset; tree","bird",""
380,"im7713.jpg","clouds; plant_life; sea; sky; transport; tree; water","clouds; sea","clouds"
381,"im8840.jpg","lake; plant_life; river; sky; structures; tree; water","",""
382,"im23419.jpg","clouds; female; people; plant_life; sky; tree; water","female; people",""
383,"im3460.jpg","clouds; plant_life; sea; sky; water","clouds; sea","clouds"
384,"im14656.jpg","clouds; lake; sea; sky; sunset; water","clouds","clouds"
385,"im18905.jpg","clouds; river; sea; sky; structures; sunset; water","clouds","clouds"
386,"im23621.jpg","clouds; sea; sky; sunset; water","clouds; sea","clouds"
387,"im22419.jpg","lake; plant_life; sky; transport; tree; water","",""
388,"im24037.jpg","clouds; sky; structures","",""
389,"im24848.jpg","clouds; lake; sea; sky; sunset; water","clouds","clouds"
390,"im7899.jpg","clouds; lake; people; sea; sky; water","sea",""
391,"im21461.jpg","animals; plant_life; sky","",""
392,"im11968.jpg","clouds; plant_life; river; sky; tree; water","clouds; river","clouds"
393,"im19372.jpg","clouds; plant_life; sky; transport","",""
394,"im11326.jpg","clouds; lake; plant_life; sea; sky; structures; sunset; water","",""
395,"im5611.jpg","clouds; female; male; people; river; sky; structures; sunset; water","",""
396,"im24496.jpg","clouds; female; people; sky","people",""
397,"im17812.jpg","clouds; sky; structures","",""
398,"im13535.jpg","clouds; male; people; plant_life; sky","male; people",""
399,"im15469.jpg","animals; bird; lake; plant_life; river; sky; transport; water","",""
400,"im6001.jpg","sea; sky; sunset; water","sea",""
401,"im2500.jpg","clouds; plant_life; sea; sky; tree; water","clouds; sea","clouds"
402,"im15948.jpg","car; clouds; plant_life; sky; structures; transport","car; clouds","clouds"
403,"im387.jpg","clouds; male; people; plant_life; river; sky; sunset; tree; water","male; people",""
404,"im11976.jpg","clouds; plant_life; sky; structures; sunset; transport; tree","",""
405,"im5025.jpg","clouds; lake; male; people; plant_life; sky; tree; water","clouds","clouds"
406,"im11156.jpg","clouds; sky; sunset; transport","",""
407,"im3509.jpg","clouds; plant_life; sky; structures","clouds","clouds"
408,"im6246.jpg","clouds; plant_life; sky; sunset; tree","tree",""
409,"im13713.jpg","animals; bird; clouds; sea; sky; sunset; water","clouds; sea","clouds"
410,"im16166.jpg","clouds; lake; sea; sky; water","clouds","clouds"
411,"im5994.jpg","plant_life; sky; structures; tree","",""
412,"im11181.jpg","clouds; lake; plant_life; river; sea; sky; tree; water","",""
413,"im11373.jpg","clouds; plant_life; sky; sunset; tree","clouds","clouds"
414,"im7332.jpg","clouds; female; male; people; plant_life; sky; sunset; tree","clouds; female; male; people","clouds"
415,"im20195.jpg","clouds; sky; structures","clouds","clouds"
416,"im4431.jpg","female; male; people; sea; sky; sunset; water","people",""
417,"im23938.jpg","clouds; lake; plant_life; sea; sky; transport; water","",""
418,"im19966.jpg","clouds; plant_life; sky; tree","clouds","clouds"
419,"im23930.jpg","clouds; sea; sky; sunset; water","",""
420,"im617.jpg","sky","",""
421,"im2764.jpg","plant_life; sky; sunset; tree","",""
422,"im23583.jpg","clouds; plant_life; sky; structures; tree","clouds","clouds"
423,"im23240.jpg","clouds; plant_life; sky; sunset; tree; water","",""
424,"im17103.jpg","clouds; flower; male; people; plant_life; sky; transport","male; people",""
425,"im5981.jpg","clouds; sea; sky; transport; water","clouds","clouds"
426,"im18711.jpg","clouds; plant_life; sky","clouds","clouds"
427,"im15478.jpg","clouds; male; people; sea; sky; water","people",""
428,"im15137.jpg","clouds; lake; river; sea; sky; structures; sunset; water","clouds","clouds"
429,"im14242.jpg","clouds; plant_life; sky; structures; tree","clouds","clouds"
430,"im13869.jpg","clouds; plant_life; sky; sunset; tree","clouds","clouds"
431,"im24583.jpg","clouds; plant_life; sky; sunset; tree","",""
432,"im9876.jpg","clouds; sky; sunset","clouds","clouds"
433,"im4372.jpg","clouds; plant_life; sky; sunset; tree","",""
434,"im9247.jpg","clouds; lake; plant_life; river; sea; sky; sunset; tree; water","clouds","clouds"
435,"im1202.jpg","clouds; sea; sky; structures; sunset; water","",""
436,"im5284.jpg","clouds; sea; sky; structures; sunset; water","clouds","clouds"
437,"im8621.jpg","clouds; plant_life; sky","clouds","clouds"
438,"im9891.jpg","clouds; plant_life; river; sky; tree; water","clouds","clouds"
439,"im24507.jpg","animals; clouds; dog; plant_life; sky","dog",""
440,"im19973.jpg","clouds; plant_life; sea; sky; tree; water","clouds","clouds"
441,"im15064.jpg","clouds; lake; river; sky; structures; water","clouds","clouds"
442,"im487.jpg","female; people; sky; structures","female; people",""
443,"im16107.jpg","clouds; sea; sky; structures; sunset; water","clouds","clouds"
444,"im15763.jpg","clouds; plant_life; river; sky; tree; water","",""
445,"im592.jpg","female; lake; people; sky; structures; water","female; people",""
446,"im24730.jpg","clouds; sea; sky; structures; water","clouds","clouds"
447,"im16454.jpg","clouds; lake; sky; structures; sunset; water","clouds","clouds"
448,"im6952.jpg","clouds; sky; structures","clouds","clouds"
449,"im7695.jpg","car; clouds; plant_life; sky; structures; transport; tree","clouds","clouds"
450,"im5891.jpg","clouds; female; people; plant_life; portrait; sea; sky; water","female; people; portrait",""
451,"im19958.jpg","lake; plant_life; sky; tree; water","",""
452,"im6490.jpg","clouds; sea; sky; structures; water","",""
453,"im2208.jpg","clouds; plant_life; sky; structures; sunset; tree","",""
454,"im5440.jpg","clouds; night; river; sky; structures; sunset; water","night",""
455,"im23181.jpg","clouds; plant_life; sky; tree","",""
456,"im7675.jpg","sea; sky; sunset; transport; water","",""
457,"im17376.jpg","male; people; plant_life; tree","people",""
458,"im15121.jpg","clouds; plant_life; sky; structures","clouds","clouds"
459,"im18467.jpg","clouds; plant_life; sky; structures; tree","clouds","clouds"
460,"im6279.jpg","river; sky; structures; sunset; transport; water","",""
461,"im19104.jpg","clouds; sky; structures","",""
462,"im1550.jpg","clouds; male; night; people; plant_life; sky; sunset; transport; tree","clouds; male; night; people","clouds"
463,"im3671.jpg","clouds; plant_life; sky; water","",""
464,"im5963.jpg","clouds; plant_life; sea; sky; structures; sunset; water","clouds; sea","clouds"
465,"im17815.jpg","clouds; plant_life; sky; structures","clouds","clouds"
466,"im14364.jpg","clouds; lake; plant_life; river; sky; structures; tree; water","",""
467,"im11287.jpg","clouds; plant_life; sky; structures; sunset; tree","clouds","clouds"
468,"im8838.jpg","clouds; sea; sky; structures; sunset; transport; water","clouds","clouds"
469,"im15363.jpg","clouds; plant_life; sky; structures","",""
470,"im22375.jpg","animals; plant_life","",""
471,"im22392.jpg","clouds; lake; night; plant_life; sky; structures; sunset; tree; water","",""
472,"im16037.jpg","clouds; sky; structures","clouds","clouds"
473,"im22807.jpg","sea; sky; structures; transport; water","",""
474,"im9694.jpg","clouds; sea; sky; water","sea",""
475,"im13771.jpg","clouds; female; people; portrait; sky","people; portrait",""
476,"im19388.jpg","clouds; lake; sea; sky; transport; water","clouds","clouds"
477,"im19790.jpg","clouds; plant_life; sky; structures; tree","",""
478,"im340.jpg","plant_life; river; water","",""
479,"im4844.jpg","plant_life; sky; transport; water","",""
480,"im21265.jpg","clouds; sky; structures; sunset","",""
481,"im1242.jpg","clouds; river; sky; structures; sunset; water","clouds","clouds"
482,"im17002.jpg","clouds; flower; plant_life; sky; sunset; tree","clouds; flower","clouds"
483,"im521.jpg","clouds; plant_life; sea; sky; structures; tree; water","clouds","clouds"
484,"im24843.jpg","clouds; night; plant_life; sky; tree","night",""
485,"im5119.jpg","clouds; lake; sky; sunset; water","",""
486,"im21678.jpg","clouds; plant_life; sky; structures","clouds","clouds"
487,"im6589.jpg","clouds; plant_life; sky","clouds","clouds"
488,"im6241.jpg","clouds; plant_life; sky; structures; sunset; transport; tree; water","",""
489,"im20387.jpg","animals; bird; clouds; lake; plant_life; river; sky; sunset; water","",""
490,"im1696.jpg","car; clouds; lake; plant_life; sky; structures; sunset; transport; tree; water","clouds","clouds"
491,"im24054.jpg","animals; bird; clouds; male; people; sea; sky; sunset; transport; water","clouds; male; people","clouds"
492,"im12233.jpg","clouds; plant_life; river; sky; tree; water","river",""
493,"im19710.jpg","clouds; flower; plant_life; sky; structures; tree","clouds","clouds"
494,"im13341.jpg","clouds; people; sky","clouds","clouds"
495,"im7408.jpg","sky","",""
496,"im13961.jpg","clouds; sea; sky; sunset; transport; water","clouds","clouds"
497,"im446.jpg","clouds; plant_life; sky; tree","clouds","clouds"
498,"im21993.jpg","clouds; lake; plant_life; sky; water","clouds","clouds"
499,"im310.jpg","clouds; sea; sky; sunset; water","sea",""
500,"im5434.jpg","clouds; sea; sky; sunset; water","clouds","clouds"
501,"im15989.jpg","plant_life; sky; sunset; tree","",""
502,"im23870.jpg","male; people; sea; sky; sunset; water","male; people; sea",""
503,"im14816.jpg","lake; night; sea; sky; structures; transport; water","night",""
504,"im6040.jpg","clouds; plant_life; sea; sky; sunset; transport; tree; water","clouds","clouds"
505,"im2806.jpg","lake; night; plant_life; sky; structures; sunset; water","night",""
506,"im8161.jpg","clouds; sky; structures; sunset","clouds","clouds"
507,"im23000.jpg","clouds; plant_life; sea; sky; structures; water","clouds","clouds"
508,"im9597.jpg","sky; structures; sunset; transport; water","",""
509,"im8488.jpg","clouds; plant_life; sky; sunset; tree","clouds","clouds"
510,"im23233.jpg","clouds; plant_life; sea; sky; structures; sunset; tree; water","tree",""
511,"im22522.jpg","clouds; sea; sky; structures; sunset; water","",""
512,"im4415.jpg","clouds; female; people; plant_life; sky; sunset; transport; tree","clouds; people","clouds"
513,"im12230.jpg","river; sky; structures; sunset; water","",""
514,"im662.jpg","clouds; sea; sky; water","",""
515,"im13369.jpg","clouds; plant_life; sky; structures; tree","clouds","clouds"
516,"im24066.jpg","clouds; sea; sky; structures; sunset; water","",""
517,"im21182.jpg","clouds; lake; night; river; sea; sky; sunset; transport; water","",""
518,"im18356.jpg","clouds; female; male; people; sea; sky; water","clouds","clouds"
519,"im12533.jpg","clouds; plant_life; sky; transport","clouds","clouds"
520,"im23937.jpg","clouds; plant_life; sky; tree","clouds","clouds"
521,"im17110.jpg","clouds; lake; male; people; sea; sky; sunset; water","clouds; male; people","clouds"
522,"im2517.jpg","clouds; sea; sky; sunset; water","sea",""
523,"im4993.jpg","clouds; flower; plant_life; sky; sunset","clouds","clouds"
524,"im7508.jpg","clouds; plant_life; sky; structures","clouds","clouds"
525,"im5844.jpg","clouds; night; plant_life; sky; tree","",""
526,"im8758.jpg","plant_life; sky; tree","",""
527,"im103.jpg","animals; clouds; lake; plant_life; sky; water","clouds","clouds"
528,"im23123.jpg","clouds; plant_life; sea; sky; water","",""
529,"im11332.jpg","clouds; sky","clouds","clouds"
530,"im15323.jpg","sky; structures; sunset","",""
531,"im20219.jpg","female; male; people; plant_life; sky; structures; transport; tree","",""
532,"im2001.jpg","female; flower; male; people; plant_life; sky; tree","female; flower; male; people",""
533,"im18291.jpg","clouds; female; people; sea; sky; water","clouds; female; people","clouds"
534,"im1544.jpg","clouds; sea; sky; structures; sunset; water","clouds; sea","clouds"
535,"im24648.jpg","animals; clouds; dog; plant_life; sky","clouds; dog","clouds"
536,"im10395.jpg","clouds; male; people; plant_life; sea; sky; sunset; water","clouds; people; sea","clouds"
537,"im21835.jpg","clouds; plant_life; sky; structures","clouds","clouds"
538,"im18853.jpg","animals; clouds; plant_life; sky; tree","clouds","clouds"
539,"im4390.jpg","clouds; sky; sunset","clouds","clouds"
540,"im14410.jpg","clouds; plant_life; sky; structures","",""
541,"im13700.jpg","clouds; sky","clouds","clouds"
542,"im14903.jpg","clouds; flower; plant_life; sky; sunset","flower",""
543,"im20635.jpg","clouds; plant_life; river; sky; tree; water","river",""
544,"im2631.jpg","sea; sky; sunset; water","sea",""
545,"im11595.jpg","clouds; lake; sky; structures; water","",""
546,"im23099.jpg","clouds; lake; river; sky; structures; sunset; transport; water","clouds","clouds"
547,"im6718.jpg","lake; plant_life; river; sky; structures; tree; water","",""
548,"im12817.jpg","plant_life; sky; sunset; tree","tree",""
549,"im13246.jpg","clouds; night; sky; structures","clouds","clouds"
550,"im3156.jpg","clouds; sea; sky; structures; water","",""
551,"im1743.jpg","clouds; female; male; people; sea; sky; structures; water","clouds; sea","clouds"
552,"im23616.jpg","clouds; plant_life; sky; transport","",""
553,"im15807.jpg","clouds; lake; plant_life; river; sky; structures; tree; water","",""
554,"im4171.jpg","clouds; plant_life; sky; tree","",""
555,"im20279.jpg","clouds; river; sea; sky; structures; sunset; transport; water","",""
556,"im4673.jpg","clouds; plant_life; sky; structures; sunset; tree","",""
557,"im9248.jpg","lake; night; plant_life; river; sky; structures; sunset; tree; water","night",""
558,"im7975.jpg","night; river; sea; sky; transport; water","night",""
559,"im24895.jpg","clouds; night; sea; sky; water","sea",""
560,"im19672.jpg","clouds; lake; sea; sky; structures; water","",""
561,"im24719.jpg","lake; plant_life; river; sky; water","",""
562,"im4623.jpg","clouds; plant_life; river; sky; sunset; transport; tree; water","",""
563,"im16203.jpg","clouds; flower; lake; plant_life; river; sky; structures; tree; water","clouds","clouds"
564,"im8332.jpg","clouds; lake; plant_life; river; sky; water","",""
565,"im3033.jpg","plant_life; river; sky; transport; tree; water","",""
566,"im15645.jpg","plant_life; sky; structures; tree","",""
567,"im8736.jpg","clouds; plant_life; sky; structures; sunset; tree","",""
568,"im5188.jpg","lake; plant_life; river; sky; sunset; tree; water","river",""
569,"im18762.jpg","clouds; female; people; sky","clouds; female; people","clouds"
570,"im21.jpg","clouds; sky; structures; sunset","clouds","clouds"
571,"im24259.jpg","clouds; lake; night; sea; sky; structures; water","clouds","clouds"
572,"im12331.jpg","clouds; plant_life; river; sky; structures; sunset; tree; water","clouds; river","clouds"
573,"im24374.jpg","clouds; sea; sky; water","",""
574,"im13255.jpg","lake; plant_life; river; sky; tree; water","",""
575,"im6795.jpg","clouds; female; male; people; sky; structures; sunset; transport","clouds","clouds"
576,"im24095.jpg","animals; bird; clouds; sea; sky; sunset; water","clouds","clouds"
577,"im3636.jpg","clouds; male; people; portrait; sky","clouds; male; people; portrait","clouds"
578,"im385.jpg","clouds; flower; plant_life; sky","clouds; flower","clouds"
579,"im4781.jpg","clouds; sky; structures","",""
580,"im10044.jpg","clouds; plant_life; sea; sky; structures; tree; water","clouds","clouds"
581,"im3510.jpg","clouds; plant_life; sea; sky; tree; water","",""
582,"im12317.jpg","clouds; lake; plant_life; sky; tree; water","clouds","clouds"
583,"im794.jpg","clouds; sky","clouds","clouds"
584,"im24156.jpg","plant_life; sky; structures; transport","",""
585,"im6217.jpg","sea; sky; sunset; water","",""
586,"im12486.jpg","clouds; night; plant_life; sky; structures; sunset","clouds","clouds"
587,"im11621.jpg","clouds; sky; sunset","",""
588,"im23148.jpg","clouds; plant_life; sky; sunset; tree","tree",""
589,"im8466.jpg","lake; sea; sky; structures; sunset; water","",""
590,"im23409.jpg","lake; plant_life; sky; tree; water","tree",""
591,"im4302.jpg","clouds; plant_life; sky; structures; tree","clouds","clouds"
592,"im17530.jpg","night; plant_life; sky; tree","night",""
593,"im12731.jpg","car; clouds; plant_life; sky; structures; transport; tree","",""
594,"im15386.jpg","clouds; sea; sky; structures; sunset; water","",""
595,"im4534.jpg","lake; night; plant_life; sky; structures; sunset; tree; water","night",""
596,"im6197.jpg","animals; bird; clouds; lake; river; sky; sunset; water","",""
597,"im549.jpg","clouds; night; sky; sunset","clouds; night","clouds"
598,"im4906.jpg","clouds; night; sea; sky; sunset; water","night",""
599,"im9319.jpg","clouds; sky; sunset; transport","clouds","clouds"
600,"im11083.jpg","clouds; male; people; sea; sky; sunset; transport; water","clouds; people; sea","clouds"
601,"im20364.jpg","male; night; people; sky; structures","",""
602,"im7782.jpg","clouds; sky; structures; sunset","clouds","clouds"
603,"im16873.jpg","female; lake; male; night; people; river; sky; structures; transport; water","people",""
604,"im11019.jpg","clouds; lake; plant_life; river; sky; structures; sunset; tree; water","",""
605,"im23527.jpg","clouds; plant_life; sky; structures","",""
606,"im20769.jpg","night; sky; structures; transport; water","night",""
607,"im12493.jpg","clouds; plant_life; sky; structures","clouds","clouds"
608,"im24104.jpg","clouds; male; people; plant_life; sea; sky; water","clouds","clouds"
609,"im1605.jpg","clouds; plant_life; sky; structures; tree","",""
610,"im1088.jpg","sea; sky; water","sea",""
611,"im11936.jpg","clouds; plant_life; sea; sky; sunset; water","sea",""
612,"im18863.jpg","clouds; sky","clouds","clouds"
613,"im10837.jpg","sea; structures; water","",""
614,"im7564.jpg","lake; plant_life; river; sky; sunset; tree; water","",""
615,"im21404.jpg","female; people; portrait; sea; sky; sunset; water","female; people; portrait",""
616,"im18110.jpg","female; people; plant_life; portrait; sky; transport; tree","female; people; portrait",""
617,"im916.jpg","clouds; sea; sky; structures; water","",""
618,"im12398.jpg","clouds; river; sea; sky; structures; transport; water","clouds","clouds"
619,"im18319.jpg","animals; bird; clouds; sky","bird; clouds","clouds"
620,"im19952.jpg","clouds; plant_life; sea; sky; structures; water","sea",""
621,"im18227.jpg","clouds; male; people; plant_life; sky; transport; tree","tree",""
622,"im228.jpg","clouds; female; male; people; sky","people",""
623,"im7305.jpg","clouds; river; sky; structures; sunset; transport; water","",""
624,"im16697.jpg","clouds; male; people; sea; sky; water","male; people",""
625,"im20106.jpg","lake; sea; sky; structures; transport; water","",""
626,"im10305.jpg","clouds; lake; plant_life; sky; sunset; tree; water","clouds","clouds"
627,"im24103.jpg","clouds; night; river; sky; structures; water","",""
628,"im14200.jpg","clouds; female; male; night; people; sky","night; people",""
629,"im17025.jpg","plant_life","",""
630,"im21348.jpg","clouds; plant_life; sky","",""
631,"im11740.jpg","clouds; flower; plant_life; sky","clouds","clouds"
632,"im6719.jpg","clouds; plant_life; sky; structures; sunset","",""
633,"im19877.jpg","clouds; plant_life; river; sky; water","clouds; river","clouds"
634,"im23346.jpg","lake; night; sea; sky; structures; sunset; water","",""
635,"im23394.jpg","clouds; male; people; plant_life; sea; sky; sunset; water","male; people",""
636,"im17284.jpg","plant_life; river; sky; structures; water","",""
637,"im18330.jpg","clouds; plant_life; sky; transport; tree","clouds","clouds"
638,"im674.jpg","clouds; plant_life; sky; structures; sunset; tree","",""
639,"im18108.jpg","clouds; plant_life; sky; tree","clouds","clouds"
640,"im12918.jpg","clouds; river; sea; sky; structures; sunset; transport; water","",""
641,"im8439.jpg","clouds; lake; plant_life; river; sky; structures; tree; water","clouds","clouds"
642,"im2805.jpg","female; people; plant_life; sky","female; people",""
643,"im16881.jpg","clouds; lake; plant_life; sea; sky; structures; water","clouds","clouds"
644,"im12247.jpg","clouds; flower; plant_life; sky","flower",""
645,"im249.jpg","clouds; sky; structures","clouds","clouds"
646,"im15423.jpg","clouds; lake; male; people; plant_life; river; sea; sky; structures; tree; water","clouds; male; people","clouds"
647,"im182.jpg","clouds; sea; sky; structures; water","",""
648,"im11366.jpg","clouds; sea; sky; structures; water","",""
649,"im12580.jpg","clouds; sea; sky; structures; sunset; transport; water","clouds","clouds"
650,"im655.jpg","lake; plant_life; sky; transport; tree; water","",""
651,"im9977.jpg","clouds; sky; sunset","clouds","clouds"
652,"im14088.jpg","clouds; plant_life; river; sky; transport; tree; water","",""
653,"im17255.jpg","clouds; plant_life; sky; tree","clouds","clouds"
654,"im18505.jpg","clouds; male; people; plant_life; river; sky; structures; transport; tree; water","male; people",""
655,"im21616.jpg","clouds; plant_life; river; sky; tree; water","clouds","clouds"
656,"im17695.jpg","clouds; female; people; plant_life; sky; transport; tree","female; people",""
657,"im11219.jpg","clouds; sky; structures; sunset","clouds","clouds"
658,"im5515.jpg","clouds; plant_life; sky; sunset","clouds","clouds"
659,"im23045.jpg","clouds; plant_life; sky; structures","clouds","clouds"
660,"im21251.jpg","car; clouds; plant_life; sea; sky; structures; transport; tree; water","",""
661,"im6507.jpg","clouds; lake; sea; sky; sunset; transport; water","clouds","clouds"
662,"im20312.jpg","clouds; lake; plant_life; sea; sky; structures; sunset; transport; tree; water","tree",""
663,"im21353.jpg","clouds; sky; structures; sunset","clouds","clouds"
664,"im16563.jpg","clouds; sky","clouds","clouds"
665,"im18142.jpg","clouds; sea; sky; structures; sunset; water","clouds","clouds"
666,"im6032.jpg","night; sea; sky; structures; sunset; water","night",""
667,"im10645.jpg","clouds; sky; structures; sunset","",""
668,"im4258.jpg","night; structures; water","",""
669,"im173.jpg","clouds; sky; sunset","clouds","clouds"
670,"im20023.jpg","clouds; plant_life; river; sky; tree; water","clouds; river","clouds"
671,"im16717.jpg","clouds; plant_life; sea; sky; structures; water","clouds","clouds"
672,"im23737.jpg","clouds; male; people; plant_life; sky; tree","male; people",""
673,"im1524.jpg","female; indoor; people; portrait","female; people; portrait",""
674,"im19272.jpg","clouds; plant_life; sky; tree","",""
675,"im18242.jpg","plant_life; sky; tree","",""
676,"im5225.jpg","clouds; plant_life; sky; structures; sunset; tree","clouds","clouds"
677,"im13379.jpg","female; people; plant_life; portrait","female; people; portrait",""
678,"im7349.jpg","clouds; sky; sunset","",""
679,"im5788.jpg","clouds; night; sky; structures; sunset; transport; water","night",""
680,"im18440.jpg","clouds; lake; plant_life; sky; structures; tree; water","",""
681,"im20326.jpg","clouds; lake; plant_life; river; sky; sunset; tree; water","",""
682,"im11955.jpg","clouds; plant_life; sky; sunset; tree","clouds","clouds"
683,"im8311.jpg","clouds; sky; sunset","clouds","clouds"
684,"im16396.jpg","clouds; lake; plant_life; sky; tree; water","clouds","clouds"
685,"im7179.jpg","clouds; sky; structures; sunset","clouds","clouds"
686,"im20065.jpg","lake; plant_life; river; sky; structures; tree; water","",""
687,"im4356.jpg","clouds; plant_life; sky","",""
688,"im14081.jpg","clouds; sea; sky; structures; sunset; water","",""
689,"im2490.jpg","clouds; river; sky; water","",""
690,"im14607.jpg","clouds; lake; plant_life; river; sea; sky; sunset; tree; water","",""
691,"im23386.jpg","night; plant_life; sea; sky; structures; tree; water","",""
692,"im12875.jpg","clouds; lake; plant_life; sea; sky; sunset; water","",""
693,"im17321.jpg","animals; water","",""
694,"im1657.jpg","clouds; plant_life; sky; structures; transport; tree","",""
695,"im7798.jpg","clouds; plant_life; sky; structures; sunset","clouds","clouds"
696,"im24435.jpg","clouds; plant_life; sky; sunset; tree","clouds","clouds"
697,"im19786.jpg","clouds; lake; plant_life; river; sky; structures; sunset; tree; water","",""
698,"im17222.jpg","clouds; night; plant_life; sky; structures; sunset; tree","",""
699,"im23587.jpg","female; people; plant_life; sky","female; people",""
700,"im18778.jpg","clouds; plant_life; sky; sunset; tree","",""
701,"im1279.jpg","clouds; plant_life; sky; structures; sunset; tree; water","clouds","clouds"
702,"im21820.jpg","clouds; plant_life; sky; structures","clouds","clouds"
703,"im22525.jpg","plant_life; sky","",""
704,"im14495.jpg","clouds; lake; male; people; plant_life; river; sea; sky; tree; water","clouds; people","clouds"
705,"im19184.jpg","clouds; night; plant_life; sky; structures; tree","night",""
706,"im10428.jpg","clouds; plant_life; sky; tree","",""
707,"im18873.jpg","lake; plant_life; river; sky; structures; tree; water","",""
708,"im9062.jpg","clouds; lake; plant_life; river; sea; sky; sunset; transport; tree; water","river",""
709,"im1417.jpg","sky","",""
710,"im17774.jpg","food; indoor","",""
711,"im3904.jpg","clouds; lake; plant_life; sky; sunset; tree; water","",""
712,"im17865.jpg","clouds; plant_life; sky; tree","",""
713,"im22435.jpg","clouds; male; people; sky; transport","clouds; people","clouds"
714,"im18076.jpg","clouds; plant_life; sky; structures; tree","clouds","clouds"
715,"im16155.jpg","lake; night; plant_life; sea; sky; structures; sunset; tree; water","",""
716,"im13871.jpg","lake; plant_life; sky; structures; sunset; water","",""
717,"im22459.jpg","sea; water","",""
718,"im5900.jpg","lake; plant_life; river; sky; structures; sunset; water","",""
719,"im18825.jpg","lake; night; plant_life; river; sea; sky; transport; tree; water","night; tree",""
720,"im10117.jpg","plant_life; sky; tree","",""
721,"im2866.jpg","clouds; sky; structures","clouds","clouds"
722,"im14163.jpg","people; sky; sunset","",""
723,"im220.jpg","clouds; plant_life; sky; structures","",""
724,"im17466.jpg","plant_life; river; tree; water","",""
725,"im19866.jpg","clouds; male; people; sky; structures","clouds; people","clouds"
726,"im966.jpg","clouds; plant_life; sky; structures","clouds","clouds"
727,"im20890.jpg","clouds; plant_life; river; sea; sky; structures; water","",""
728,"im2750.jpg","animals; clouds; dog; sea; sky; sunset; water","",""
729,"im5716.jpg","clouds; lake; plant_life; river; sky; sunset; tree; water","",""
730,"im9506.jpg","clouds; female; male; people; plant_life; sky; transport","clouds; male; people","clouds"
731,"im9769.jpg","sea; sky; structures; water","sea",""
732,"im19112.jpg","clouds; plant_life; sky; structures; transport; tree; water","",""
733,"im16068.jpg","clouds; plant_life; river; sky; structures; sunset; tree; water","",""
734,"im3741.jpg","animals; clouds; plant_life; sky","",""
735,"im4602.jpg","clouds; sky; structures","clouds","clouds"
736,"im20697.jpg","plant_life","",""
737,"im9961.jpg","lake; night; sea; sky; structures; water","night",""
738,"im17568.jpg","clouds; female; people; plant_life; river; sky; transport; tree; water","people",""
739,"im1765.jpg","flower; plant_life","flower",""
740,"im17860.jpg","clouds; night; sky; structures; transport","",""
741,"im11846.jpg","clouds; plant_life; sky; structures; tree","clouds","clouds"
742,"im7297.jpg","clouds; indoor; sky","",""
743,"im21623.jpg","clouds; male; people; plant_life; sea; sky; sunset; water","male; people",""
744,"im2147.jpg","clouds; river; sky; structures; sunset; water","river",""
745,"im10358.jpg","clouds; plant_life; sky; tree","",""
746,"im18871.jpg","animals; lake; river; sky; structures; sunset; water","",""
747,"im21797.jpg","clouds; plant_life; sky; tree","clouds; tree","clouds"
748,"im20369.jpg","clouds; plant_life; sea; sky; structures; tree; water","",""
749,"im22249.jpg","plant_life; sky; structures; tree","tree",""
750,"im18251.jpg","clouds; plant_life; sky; tree","clouds","clouds"
751,"im15511.jpg","clouds; lake; plant_life; sea; sky; sunset; water","clouds","clouds"
752,"im5157.jpg","sea; sky; structures; transport; water","",""
753,"im2112.jpg","clouds; plant_life; river; sky; structures; water","",""
754,"im7734.jpg","clouds; sea; sky; water","",""
755,"im7247.jpg","clouds; sky; structures; sunset","clouds","clouds"
756,"im13764.jpg","lake; night; sea; sky; structures; sunset; water","",""
757,"im22141.jpg","plant_life; sky; structures","",""
758,"im33.jpg","clouds; plant_life; sky; tree","clouds","clouds"
759,"im24951.jpg","clouds; sea; sky; sunset; water","clouds","clouds"
760,"im22865.jpg","clouds; male; people; sea; sky; sunset; water","male; people",""
761,"im328.jpg","clouds; plant_life; sea; sky; water","",""
762,"im1464.jpg","clouds; night; plant_life; sky; sunset","clouds","clouds"
763,"im19935.jpg","clouds; plant_life; sky; structures; sunset; tree","clouds","clouds"
764,"im20551.jpg","plant_life; structures; tree","",""
765,"im23128.jpg","clouds; plant_life; sea; sky; tree; water","clouds","clouds"
766,"im17947.jpg","plant_life; river; tree; water","",""
767,"im616.jpg","clouds; sky","clouds","clouds"
768,"im7456.jpg","clouds; lake; river; sea; sky; structures; sunset; water","clouds","clouds"
769,"im1871.jpg","clouds; sky; structures; sunset","",""
770,"im4966.jpg","female; flower; male; night; people; plant_life; sky; sunset","night; people",""
771,"im1229.jpg","car; clouds; female; people; sea; sky; transport; water","car; clouds; sea","clouds"
772,"im23408.jpg","clouds; sea; sky; structures; water","clouds","clouds"
773,"im20298.jpg","clouds; plant_life; sky; structures; tree","clouds","clouds"
774,"im1488.jpg","clouds; sky; structures; sunset","clouds","clouds"
775,"im17196.jpg","lake; river; sea; transport; water","",""
776,"im3017.jpg","clouds; lake; people; plant_life; river; sky; tree; water","",""
777,"im23388.jpg","clouds; sky; transport","clouds","clouds"
778,"im16537.jpg","","",""
779,"im9323.jpg","clouds; sea; sky; sunset; water","clouds; sea","clouds"
780,"im13280.jpg","clouds; sea; sky; structures; sunset; water","",""
781,"im17718.jpg","plant_life; sky; structures","",""
782,"im11484.jpg","clouds; plant_life; river; sky; tree; water","river",""
783,"im23963.jpg","clouds; plant_life; sky; structures; tree","",""
784,"im7985.jpg","clouds; lake; night; river; sea; sky; structures; sunset; transport; water","night",""
785,"im23018.jpg","clouds; plant_life; sky; tree","clouds","clouds"
786,"im24421.jpg","clouds; male; people; plant_life; sky; structures; sunset","male; people",""
787,"im11122.jpg","clouds; plant_life; sky; tree","",""
788,"im4809.jpg","female; people; plant_life","",""
789,"im21933.jpg","clouds; plant_life; sky; tree","clouds","clouds"
790,"im12922.jpg","male; people; sea; structures; transport; water","male; people",""
791,"im712.jpg","clouds; plant_life; sky; structures; tree","clouds","clouds"
792,"im8056.jpg","clouds; night; plant_life; sky; structures; tree","night",""
793,"im4010.jpg","clouds; lake; plant_life; river; sky; structures; tree; water","river",""
794,"im15827.jpg","clouds; plant_life; river; sky; structures; tree; water","clouds; river","clouds"
795,"im21755.jpg","lake; night; river; sea; sky; structures; water","night",""
796,"im3058.jpg","animals; bird; clouds; sea; sky; structures; sunset; water","",""
797,"im1898.jpg","clouds; plant_life; river; sky; structures; tree; water","river; tree",""
798,"im24919.jpg","clouds; plant_life; sky; structures","",""
799,"im8010.jpg","clouds; plant_life; sky; tree","",""
800,"im18054.jpg","lake; night; sky; structures; water","night",""
801,"im19641.jpg","car; clouds; plant_life; sky; transport; tree","",""
802,"im5327.jpg","clouds; plant_life; sea; sky; structures; sunset; water","clouds","clouds"
803,"im23404.jpg","clouds; lake; plant_life; sea; sky; sunset; tree; water","clouds","clouds"
804,"im18643.jpg","sky","",""
805,"im1842.jpg","clouds; sky; transport","",""
806,"im8689.jpg","night; plant_life; sky; sunset; tree","night",""
807,"im2246.jpg","clouds; female; flower; male; people; plant_life; portrait; sky; tree","female; male; people; portrait",""
808,"im11449.jpg","clouds; night; plant_life; sea; sky; sunset; tree; water","night",""
809,"im6321.jpg","animals; bird; clouds; plant_life; river; sky; structures; sunset; tree; water","river",""
810,"im1437.jpg","clouds; sea; sky; sunset; water","clouds","clouds"
811,"im23565.jpg","night; plant_life; sky; tree","night",""
812,"im21721.jpg","plant_life; sea; sky; structures; water","",""
813,"im23667.jpg","clouds; plant_life; sky; tree","",""
814,"im5168.jpg","clouds; night; sky; structures; sunset","clouds","clouds"
815,"im18782.jpg","animals; bird; lake; plant_life; river; sky; sunset; tree; water","bird",""
816,"im18191.jpg","night; plant_life; sky; structures; sunset; tree","",""
817,"im17445.jpg","clouds; plant_life; sky","clouds","clouds"
818,"im15910.jpg","clouds; plant_life; sky","clouds","clouds"
819,"im9057.jpg","animals; clouds; plant_life; sky; tree","",""
820,"im20549.jpg","plant_life; structures; tree","tree",""
821,"im391.jpg","night; plant_life; sky; sunset; tree","night; tree",""
822,"im21018.jpg","clouds; sea; sky; sunset; water","clouds; sea","clouds"
823,"im6392.jpg","lake; male; people; plant_life; river; sea; sky; sunset; tree; water","people",""
824,"im14299.jpg","plant_life; sky; structures; sunset; tree","",""
825,"im14475.jpg","female; male; night; people; sky","night; people",""
826,"im3484.jpg","clouds; plant_life; sea; sky; structures; tree; water","sea",""
827,"im24300.jpg","clouds; lake; plant_life; sky; structures; tree; water","",""
828,"im8535.jpg","animals; bird; plant_life; sky; tree","bird",""
829,"im7431.jpg","clouds; sea; sky; structures; water","clouds; sea","clouds"
830,"im16279.jpg","clouds; lake; night; sea; sky; structures; transport; water","",""
831,"im20837.jpg","sea; sky; sunset; water","",""
832,"im3907.jpg","clouds; flower; plant_life; sky; sunset","",""
833,"im23048.jpg","animals; dog; lake; plant_life; structures; transport; water","dog",""
834,"im22067.jpg","plant_life; sky; tree","",""
835,"im11412.jpg","clouds; lake; plant_life; sky; tree; water","clouds","clouds"
836,"im196.jpg","clouds; sea; sky; transport; water","",""
837,"im20574.jpg","clouds; night; sky; structures; water","night",""
838,"im22906.jpg","clouds; lake; night; sea; sky; structures; sunset; water","clouds","clouds"
839,"im23396.jpg","clouds; plant_life; sky; structures; tree","clouds; tree","clouds"
840,"im12197.jpg","clouds; sky; sunset","",""
841,"im7026.jpg","clouds; plant_life; sky; structures; sunset","clouds","clouds"
842,"im14419.jpg","clouds; plant_life; sea; sky; sunset; tree; water","",""
843,"im9783.jpg","clouds; plant_life; sky; structures; tree","tree",""
844,"im369.jpg","clouds; sky; transport","",""
845,"im21710.jpg","clouds; plant_life; sky","",""
846,"im24368.jpg","clouds; sky; structures","clouds","clouds"
847,"im12267.jpg","clouds; plant_life; sky; structures","",""
848,"im14744.jpg","female; flower; people; plant_life; sky","female; people",""
849,"im15202.jpg","clouds; lake; sea; sky; transport; water","",""
850,"im18670.jpg","clouds; plant_life; sky","clouds","clouds"
851,"im15236.jpg","clouds; sea; sky; water","",""
852,"im23980.jpg","clouds; lake; plant_life; river; sky; structures; tree; water","clouds","clouds"
853,"im10388.jpg","clouds; plant_life; sky; tree","clouds","clouds"
854,"im15693.jpg","clouds; plant_life; sky; structures; tree","clouds","clouds"
855,"im15658.jpg","clouds; plant_life; river; sea; sky; transport; water","",""
856,"im14947.jpg","animals; bird; plant_life; tree","",""
857,"im23776.jpg","clouds; sea; sky; structures; water","clouds; sea","clouds"
858,"im16415.jpg","indoor; plant_life; transport; water","",""
859,"im15538.jpg","car; clouds; sky; transport","car; clouds","clouds"
860,"im730.jpg","night; plant_life; sky; structures; tree; water","night",""
861,"im8912.jpg","clouds; plant_life; sky; structures; sunset; tree","clouds","clouds"
862,"im6262.jpg","indoor; male; people; portrait","male; people; portrait",""
863,"im16780.jpg","clouds; plant_life; sky","clouds","clouds"
864,"im3352.jpg","clouds; male; people; sea; sky; structures; water","",""
865,"im9394.jpg","animals; bird; clouds; male; people; sky","male; people",""
866,"im1867.jpg","clouds; sky; structures; sunset; transport; water","",""
867,"im5753.jpg","clouds; sea; sky; structures; sunset; water","clouds","clouds"
868,"im17199.jpg","clouds; plant_life; sky; structures; tree","clouds","clouds"
869,"im15628.jpg","clouds; lake; plant_life; river; sky; structures; sunset; tree; water","",""
870,"im473.jpg","clouds; sky; sunset","clouds","clouds"
871,"im15599.jpg","clouds; plant_life; river; sky; structures; tree; water","",""
872,"im302.jpg","clouds; flower; plant_life; sky","clouds","clouds"
873,"im23644.jpg","clouds; male; people; sea; sky; water","male; people; sea",""
874,"im984.jpg","clouds; sky; structures; sunset","",""
875,"im15616.jpg","animals; bird; female; people; portrait","bird; female; people",""
876,"im7565.jpg","clouds; plant_life; river; sky; structures; sunset; transport; water","clouds","clouds"
877,"im14108.jpg","animals; clouds; dog; lake; plant_life; river; sea; sky; water","dog",""
878,"im15428.jpg","clouds; lake; night; sea; sky; structures; water","",""
879,"im1230.jpg","clouds; female; male; people; sea; sky; water","",""
880,"im24623.jpg","car; clouds; plant_life; sky; structures; sunset; transport; tree","",""
881,"im4342.jpg","female; male; people; plant_life; portrait; sky; structures; tree","female; people; portrait",""
882,"im13351.jpg","car; clouds; plant_life; sky; structures; transport","car; clouds","clouds"
883,"im24649.jpg","sea; water","",""
884,"im24985.jpg","clouds; plant_life; sky; structures","clouds","clouds"
885,"im17538.jpg","clouds; sky","clouds","clouds"
886,"im17627.jpg","plant_life; river; structures; tree; water","river",""
887,"im16503.jpg","plant_life; sky; tree","",""
888,"im21654.jpg","animals; clouds; plant_life; sky; tree","clouds","clouds"
889,"im1095.jpg","clouds; plant_life; sky; structures; tree","clouds","clouds"
890,"im23881.jpg","clouds; flower; plant_life; sky; tree","clouds","clouds"
891,"im23509.jpg","clouds; male; people; plant_life; sky; transport; tree; water","male; people",""
892,"im24643.jpg","clouds; lake; plant_life; river; sky; structures; transport; tree; water","river",""
893,"im9267.jpg","night; plant_life; sky; structures; tree; water","night",""
894,"im6114.jpg","clouds; plant_life; sky; sunset; tree","clouds","clouds"
895,"im367.jpg","clouds; plant_life; river; sky; structures; tree; water","clouds","clouds"
896,"im7314.jpg","clouds; female; people; plant_life; portrait; sky; structures; tree","clouds; female; people; portrait","clouds"
897,"im11384.jpg","clouds; plant_life; sky; structures; tree","clouds","clouds"
898,"im17801.jpg","lake; sea; sky; structures; water","",""
899,"im4874.jpg","clouds; river; sky; structures; sunset; transport; water","",""
900,"im9789.jpg","plant_life; sky; structures; sunset; tree","",""
901,"im6737.jpg","male; people; plant_life; tree","male; people",""
902,"im13846.jpg","clouds; lake; sea; sky; structures; sunset; water","",""
903,"im18747.jpg","night; plant_life; river; sky; structures; tree; water","",""
904,"im4553.jpg","plant_life; sky; structures; tree","",""
905,"im3538.jpg","clouds; night; sky; structures; sunset","night",""
906,"im4846.jpg","night; plant_life; sea; water","night",""
907,"im23994.jpg","night; sea; sky; structures; water","night",""
908,"im19115.jpg","clouds; lake; sea; sky; transport; water","",""
909,"im24526.jpg","lake; plant_life; river; sky; structures; sunset; tree; water","",""
910,"im9810.jpg","clouds; sea; sky; water","clouds; sea","clouds"
911,"im21225.jpg","clouds; plant_life; sky; structures; sunset; tree","",""
912,"im13178.jpg","lake; plant_life; sky; sunset; tree; water","",""
913,"im5182.jpg","clouds; night; sky; structures; sunset","clouds","clouds"
914,"im14038.jpg","plant_life; sky; structures","",""
915,"im14212.jpg","lake; plant_life; sea; sky; sunset; water","",""
916,"im18736.jpg","night; river; sky; structures; sunset; water","",""
917,"im13797.jpg","clouds; sea; sky; transport; water","clouds; sea","clouds"
918,"im21547.jpg","clouds; plant_life; river; sky; structures; tree; water","clouds; river","clouds"
919,"im8270.jpg","clouds; plant_life; sea; sky; structures; sunset; tree; water","",""
920,"im5296.jpg","night; plant_life; sky; structures; tree","night",""
921,"im23199.jpg","clouds; lake; plant_life; sky; tree; water","clouds","clouds"
922,"im23169.jpg","animals; bird; female; lake; people; plant_life; portrait; water","bird; female; people; portrait",""
923,"im20823.jpg","car; night; sky; structures; sunset; transport","",""
924,"im22775.jpg","clouds; sea; sky; water","clouds","clouds"
925,"im2563.jpg","clouds; female; people; plant_life; portrait; sea; sky; structures; tree; water","female; people; portrait",""
926,"im9991.jpg","clouds; river; sky; structures; sunset; water","clouds","clouds"
927,"im10872.jpg","sky; sunset","",""
928,"im15862.jpg","plant_life; sea; structures; tree; water","",""
929,"im10991.jpg","clouds; plant_life; sky; structures","",""
930,"im15119.jpg","clouds; male; people; sky; structures","people",""
931,"im15108.jpg","flower; lake; plant_life; sea; sky; sunset; water","flower",""
932,"im20751.jpg","animals; bird; clouds; lake; plant_life; river; sky; sunset; tree; water","",""
933,"im3066.jpg","night; plant_life; river; sky; tree; water","night",""
934,"im15687.jpg","clouds; sky; structures; sunset","clouds","clouds"
935,"im12034.jpg","plant_life; sky; tree","",""
936,"im1727.jpg","night; plant_life; sky; structures; tree","night",""
937,"im10300.jpg","male; people; sea; sky; sunset; water","male; people; sea",""
938,"im13622.jpg","clouds; plant_life; sky; structures; tree","",""
939,"im22240.jpg","clouds; plant_life; sky; transport; tree","clouds","clouds"
940,"im17785.jpg","clouds; lake; plant_life; sky; tree; water","",""
941,"im5742.jpg","sea; sky; water","",""
942,"im23479.jpg","plant_life","",""
943,"im265.jpg","night; sea; sky; structures; water","night",""
944,"im16.jpg","female; male; night; people; sky; structures","night; people",""
945,"im24743.jpg","clouds; plant_life; sea; sky; water","clouds","clouds"
946,"im22716.jpg","night; plant_life; sea; sky; structures; water","night",""
947,"im3515.jpg","sea; sky; sunset; water","",""
948,"im1965.jpg","clouds; sky; structures","",""
949,"im23033.jpg","plant_life; river; sea; sky; water","",""
950,"im22528.jpg","clouds; sky; structures; sunset","clouds","clouds"
951,"im12339.jpg","clouds; plant_life; sky; sunset","clouds","clouds"
952,"im23487.jpg","clouds; flower; plant_life; sky; structures; tree","flower",""
953,"im7639.jpg","clouds; sea; sky; structures; sunset; transport; water","clouds; sea","clouds"
954,"im11869.jpg","clouds; lake; plant_life; river; sky; tree; water","clouds; river","clouds"
955,"im15783.jpg","clouds; plant_life; sky; structures","",""
956,"im8527.jpg","male; people; sea; sky; water","male; people",""
957,"im4539.jpg","indoor; male; night; people; portrait","male; people; portrait",""
958,"im6532.jpg","night; plant_life; river; sky; structures; tree; water","night",""
959,"im7205.jpg","lake; plant_life; river; sky; structures; sunset; tree; water","",""
960,"im6478.jpg","clouds; night; plant_life; sky; structures; sunset; tree","clouds; night","clouds"
961,"im388.jpg","clouds; sea; sky; sunset; transport; water","",""
962,"im17558.jpg","clouds; plant_life; sky; structures; tree","clouds","clouds"
963,"im23191.jpg","plant_life; sky; transport; tree","",""
964,"im19213.jpg","animals; clouds; male; people; sky; sunset","people",""
965,"im20328.jpg","clouds; female; lake; male; people; plant_life; river; sea; sky; tree; water","people; river",""
966,"im19355.jpg","animals; clouds; dog; male; people; sea; sky; water","dog; people",""
967,"im12122.jpg","car; night; plant_life; structures; transport; tree","car",""
968,"im3561.jpg","night; structures; transport; water","night",""
969,"im18127.jpg","clouds; plant_life; sky; structures; sunset; tree","clouds","clouds"
970,"im10513.jpg","clouds; plant_life; sky; structures; sunset","clouds","clouds"
971,"im4725.jpg","clouds; female; male; people; plant_life; sky; tree","female; people",""
972,"im11253.jpg","clouds; plant_life; sky; sunset; tree","",""
973,"im21117.jpg","clouds; plant_life; sky; structures; tree","",""
974,"im5869.jpg","clouds; plant_life; sky; structures; tree","",""
975,"im11131.jpg","clouds; female; male; people; plant_life; sea; sky; transport; tree; water","people",""
976,"im14131.jpg","car; clouds; lake; plant_life; river; sky; transport; water","car",""
977,"im16861.jpg","clouds; flower; plant_life; sky; tree","clouds","clouds"
978,"im13977.jpg","clouds; male; people; plant_life; sky; sunset; tree","clouds; male; people","clouds"
979,"im2030.jpg","clouds; female; male; people; plant_life; sky; tree","people",""
980,"im7164.jpg","clouds; plant_life; sea; sky; structures; tree; water","sea",""
981,"im14401.jpg","animals; clouds; sea; sky; water","clouds","clouds"
982,"im9217.jpg","clouds; lake; plant_life; sea; sky; structures; tree; water","",""
983,"im2648.jpg","flower; plant_life; sunset","flower",""
984,"im14615.jpg","clouds; male; people; plant_life; sky; structures; tree","people",""
985,"im21194.jpg","plant_life; river; tree; water","tree",""
986,"im6929.jpg","plant_life; sea; sky; sunset; tree; water","",""
987,"im1740.jpg","clouds; sky; sunset; transport","",""
988,"im24488.jpg","female; people; plant_life; sky; structures; water","",""
989,"im16197.jpg","sea; sky; structures; water","sea",""
990,"im16633.jpg","clouds; lake; plant_life; sea; sky; structures; tree; water","clouds","clouds"
991,"im18085.jpg","clouds; night; river; sky; structures; sunset; water","",""
992,"im18334.jpg","animals; bird; lake; plant_life; river; sky; structures; tree; water","",""
993,"im8641.jpg","clouds; plant_life; sea; sky; structures; water","clouds","clouds"
994,"im667.jpg","clouds; sky; structures","",""
995,"im15614.jpg","clouds; male; people; river; sky; structures; water","clouds; people","clouds"
996,"im20092.jpg","clouds; plant_life; sea; sky; tree; water","sea",""
997,"im13636.jpg","clouds; male; people; portrait; sea; sky; structures; water","male; people; portrait",""
998,"im21559.jpg","clouds; river; sky; sunset; water","clouds","clouds"
999,"im6415.jpg","clouds; sky; structures; sunset","clouds","clouds"
