"rank","index","po_annotation","re_annotation","match_annotation"
1,"im19633.jpg","animals; dog; indoor","dog","animals; dog; indoor"
2,"im2049.jpg","animals; dog; female; indoor; people","dog; female","animals; dog; indoor"
3,"im5755.jpg","animals; dog; indoor","dog","animals; dog; indoor"
4,"im2118.jpg","animals; dog; indoor","dog","animals; dog; indoor"
5,"im12583.jpg","animals; dog; plant_life; tree","dog","animals; dog"
6,"im22376.jpg","animals; dog; water","dog","animals; dog"
7,"im833.jpg","animals; dog; structures","dog","animals; dog"
8,"im10081.jpg","animals; dog; plant_life","dog","animals; dog"
9,"im2616.jpg","animals; dog; plant_life","dog","animals; dog"
10,"im3079.jpg","animals; dog","dog","animals; dog"
11,"im19536.jpg","animals; dog; female; male; people; sky; structures","dog; people","animals; dog"
12,"im24648.jpg","animals; clouds; dog; plant_life; sky","clouds; dog","animals; dog"
13,"im16605.jpg","animals; dog; plant_life; structures","dog","animals; dog"
14,"im12405.jpg","animals; dog; indoor","dog","animals; dog; indoor"
15,"im17653.jpg","animals; dog; indoor","dog","animals; dog; indoor"
16,"im18107.jpg","animals; dog; indoor","dog","animals; dog; indoor"
17,"im9398.jpg","animals; dog; plant_life","dog","animals; dog"
18,"im13567.jpg","animals; dog; sea; water","dog","animals; dog"
19,"im13152.jpg","animals; dog; indoor","dog","animals; dog; indoor"
20,"im505.jpg","animals; dog; indoor","dog","animals; dog; indoor"
21,"im8829.jpg","animals; dog; indoor","dog","animals; dog; indoor"
22,"im9493.jpg","animals; dog; structures; water","dog","animals; dog"
23,"im15427.jpg","animals; dog; indoor","dog","animals; dog; indoor"
24,"im5117.jpg","animals; dog","dog","animals; dog"
25,"im23557.jpg","animals; dog; plant_life; sky","dog","animals; dog"
26,"im6796.jpg","animals; dog; indoor","dog","animals; dog; indoor"
27,"im9144.jpg","animals; dog; flower; indoor; plant_life","dog","animals; dog; indoor"
28,"im443.jpg","animals; dog; structures; water","dog","animals; dog"
29,"im4923.jpg","animals; dog; plant_life; structures; tree","dog","animals; dog"
30,"im23253.jpg","animals; dog; plant_life; structures","dog","animals; dog"
31,"im7249.jpg","food; indoor","","indoor"
32,"im18864.jpg","food; indoor","","indoor"
33,"im9770.jpg","indoor; male; people; portrait","male; people; portrait","indoor"
34,"im17852.jpg","indoor","","indoor"
35,"im23091.jpg","animals; dog; female; indoor; people","dog; female; people","animals; dog; indoor"
36,"im24626.jpg","animals; dog; plant_life; structures","dog","animals; dog"
37,"im16029.jpg","food; indoor","","indoor"
38,"im23147.jpg","animals; dog; indoor","dog","animals; dog; indoor"
39,"im2293.jpg","animals; dog; water","dog","animals; dog"
40,"im15679.jpg","female; male; people; structures; transport","",""
41,"im21529.jpg","animals; dog; structures","dog","animals; dog"
42,"im18899.jpg","female; people","",""
43,"im12461.jpg","food; indoor; male; people","male; people","indoor"
44,"im19889.jpg","indoor","","indoor"
45,"im23553.jpg","animals; bird; structures","bird","animals"
46,"im4334.jpg","animals; bird; plant_life; structures","bird","animals"
47,"im20755.jpg","animals; dog; structures","dog","animals; dog"
48,"im14765.jpg","car; plant_life; sky; structures; transport; tree","",""
49,"im23608.jpg","animals; dog; female; people","dog","animals; dog"
50,"im7360.jpg","animals; dog; plant_life; tree","dog","animals; dog"
51,"im12229.jpg","animals; dog; indoor; male; people","dog; male; people","animals; dog; indoor"
52,"im14213.jpg","female; indoor; people","","indoor"
53,"im4984.jpg","animals; dog; plant_life; sky; sunset; tree","dog","animals; dog"
54,"im19722.jpg","animals; dog; plant_life","dog","animals; dog"
55,"im22604.jpg","animals; dog; plant_life","dog","animals; dog"
56,"im18985.jpg","car; female; male; people; plant_life; sky; structures; transport; tree","car; female; male; people",""
57,"im9157.jpg","indoor; night","","indoor"
58,"im6444.jpg","animals; dog; structures","dog","animals; dog"
59,"im2639.jpg","animals; dog; indoor","dog","animals; dog; indoor"
60,"im8202.jpg","baby; indoor; male; people; portrait","male; people; portrait","indoor"
61,"im23460.jpg","male; people; structures; transport","male; people",""
62,"im2641.jpg","food; indoor","","indoor"
63,"im22174.jpg","animals; dog","dog","animals; dog"
64,"im13379.jpg","female; people; plant_life; portrait","female; people; portrait",""
65,"im1976.jpg","food; indoor","","indoor"
66,"im20919.jpg","plant_life; sky; structures; transport","",""
67,"im2630.jpg","indoor; people","","indoor"
68,"im24049.jpg","female; food; indoor; male; people; transport","female; people","indoor"
69,"im4342.jpg","female; male; people; plant_life; portrait; sky; structures; tree","female; people; portrait",""
70,"im18742.jpg","animals; bird; lake; river; water","bird","animals"
71,"im13078.jpg","male; people; structures","",""
72,"im10527.jpg","structures; transport","",""
73,"im11353.jpg","indoor; male; people; structures; water","male; people","indoor"
74,"im4200.jpg","clouds; male; people; sky; structures; sunset; water","",""
75,"im4929.jpg","female; indoor; people; portrait","female; people; portrait","indoor"
76,"im20717.jpg","animals; indoor","","animals; indoor"
77,"im24008.jpg","animals; dog; indoor","dog","animals; dog; indoor"
78,"im13279.jpg","animals; dog; indoor","dog","animals; dog; indoor"
79,"im3915.jpg","female; food; indoor; people","","indoor"
80,"im17763.jpg","animals; dog; indoor","dog","animals; dog; indoor"
81,"im3764.jpg","animals; dog","dog","animals; dog"
82,"im17049.jpg","baby; female; indoor; people; portrait","baby; female; people; portrait","indoor"
83,"im15337.jpg","animals","","animals"
84,"im24457.jpg","animals; bird; sea; sky; structures; water","","animals"
85,"im8472.jpg","animals; indoor","","animals; indoor"
86,"im12505.jpg","animals; bird; plant_life; structures","bird","animals"
87,"im12914.jpg","animals; dog; female; male; people; sky; structures","dog; people","animals; dog"
88,"im15165.jpg","indoor","","indoor"
89,"im20203.jpg","animals; female; indoor; male; people","female; male; people","animals; indoor"
90,"im16483.jpg","indoor; transport","","indoor"
91,"im6949.jpg","animals; bird; flower; plant_life","bird","animals"
92,"im13804.jpg","male; people; plant_life; sky; sunset","",""
93,"im22631.jpg","animals; dog; male; people","dog","animals; dog"
94,"im8342.jpg","female; indoor; people; portrait","female; people; portrait","indoor"
95,"im18653.jpg","female; male; people; sky; structures; transport","people",""
96,"im16967.jpg","food; indoor; plant_life","","indoor"
97,"im6360.jpg","female; indoor; night; people; portrait","female; people; portrait","indoor"
98,"im21990.jpg","indoor","","indoor"
99,"im22478.jpg","female; indoor; people","","indoor"
100,"im23453.jpg","animals; dog; male; people; plant_life","dog","animals; dog"
101,"im8126.jpg","animals; dog; structures","dog","animals; dog"
102,"im6677.jpg","animals; dog; male; people; plant_life; sky; structures; tree","male; people","animals; dog"
103,"im369.jpg","clouds; sky; transport","",""
104,"im23415.jpg","animals; dog; food","dog","animals; dog"
105,"im15801.jpg","indoor; plant_life; sky; structures; tree","","indoor"
106,"im5974.jpg","male; people; plant_life; portrait","male; people; portrait",""
107,"im3704.jpg","night; sky; structures","night",""
108,"im15901.jpg","food; indoor","","indoor"
109,"im711.jpg","food; indoor; sky","","indoor"
110,"im8091.jpg","female; indoor; people","","indoor"
111,"im5134.jpg","animals; bird; plant_life; sky; structures; tree","bird","animals"
112,"im1460.jpg","animals; bird; plant_life","bird","animals"
113,"im2956.jpg","female; indoor; people","","indoor"
114,"im14299.jpg","plant_life; sky; structures; sunset; tree","",""
115,"im18043.jpg","plant_life; sky; structures; transport","",""
116,"im15925.jpg","indoor","","indoor"
117,"im17793.jpg","food; indoor","","indoor"
118,"im9434.jpg","flower; male; people; plant_life; sky; structures; tree","male; people",""
119,"im15928.jpg","car; flower; plant_life; sky; structures; transport; tree","car",""
120,"im22985.jpg","animals; bird; clouds; sky; structures","bird","animals"
121,"im1387.jpg","sky; structures","",""
122,"im10854.jpg","animals; bird; indoor","","animals; indoor"
123,"im18141.jpg","animals; bird; food; plant_life","bird","animals"
124,"im10829.jpg","indoor","","indoor"
125,"im5714.jpg","animals; dog","dog","animals; dog"
126,"im11461.jpg","clouds; sky; structures; water","",""
127,"im6620.jpg","animals","","animals"
128,"im18179.jpg","animals; dog; plant_life","dog","animals; dog"
129,"im19939.jpg","animals; bird; female; people; structures","bird","animals"
130,"im8225.jpg","animals; male; people; plant_life; sky; tree","male; people","animals"
131,"im13602.jpg","night; sky; structures; water","night",""
132,"im16318.jpg","animals","","animals"
133,"im6908.jpg","animals; dog; structures","dog","animals; dog"
134,"im17381.jpg","structures; transport","",""
135,"im16089.jpg","indoor; male; people; structures","","indoor"
136,"im7788.jpg","indoor","","indoor"
137,"im16549.jpg","animals; male; people; plant_life; structures; transport; tree","male","animals"
138,"im8630.jpg","car; people; plant_life; structures; transport; tree","",""
139,"im23623.jpg","food; indoor","","indoor"
140,"im24337.jpg","animals; dog; food; indoor; plant_life","dog","animals; dog; indoor"
141,"im20820.jpg","animals; bird; indoor; plant_life","bird","animals; indoor"
142,"im15739.jpg","female; indoor; people; portrait; structures","female; people; portrait","indoor"
143,"im20761.jpg","animals","","animals"
144,"im21279.jpg","animals; flower; plant_life","","animals"
145,"im1371.jpg","indoor; male; people; portrait","male; people","indoor"
146,"im5345.jpg","clouds; sky; structures","clouds",""
147,"im14587.jpg","indoor; male; people","people","indoor"
148,"im23774.jpg","animals; dog; indoor; male; people; portrait","dog; people; portrait","animals; dog; indoor"
149,"im13954.jpg","animals; indoor","","animals; indoor"
150,"im11803.jpg","indoor","","indoor"
151,"im17363.jpg","female; people; structures","female; people",""
152,"im18457.jpg","female; male; people; structures","male; people",""
153,"im22472.jpg","plant_life; sky; structures; transport; tree","",""
154,"im12713.jpg","animals; clouds; dog; indoor; sky; structures; sunset","dog","animals; dog; indoor"
155,"im17390.jpg","food; indoor","","indoor"
156,"im1868.jpg","food; indoor","","indoor"
157,"im16748.jpg","animals; dog; indoor; male; people; portrait","dog; male; people; portrait","animals; dog; indoor"
158,"im10520.jpg","indoor","","indoor"
159,"im24471.jpg","indoor; night; people","","indoor"
160,"im1573.jpg","female; indoor; night; people; portrait; structures","female; people; portrait","indoor"
161,"im7828.jpg","night; plant_life","",""
162,"im10709.jpg","clouds; plant_life; sky; structures; tree","",""
163,"im7098.jpg","animals; indoor; people","","animals; indoor"
164,"im22918.jpg","animals; flower; plant_life","","animals"
165,"im2542.jpg","structures","",""
166,"im18256.jpg","clouds; sky; structures","",""
167,"im2790.jpg","female; indoor; male; people","","indoor"
168,"im11129.jpg","indoor","","indoor"
169,"im7122.jpg","male; people; structures; transport","people",""
170,"im22656.jpg","animals; plant_life","","animals"
171,"im5680.jpg","indoor; night","","indoor"
172,"im1237.jpg","animals; dog; indoor","dog","animals; dog; indoor"
173,"im19295.jpg","female; male; people; structures","male; people",""
174,"im13066.jpg","indoor","","indoor"
175,"im7694.jpg","animals; clouds; plant_life; sky; structures","","animals"
176,"im10500.jpg","lake; male; people; plant_life; portrait; river; sea; sky; transport; tree; water","male; people; portrait",""
177,"im11228.jpg","animals; clouds; dog; plant_life; sky; tree","dog","animals; dog"
178,"im21648.jpg","animals; bird; structures","","animals"
179,"im20220.jpg","indoor","","indoor"
180,"im14079.jpg","food; indoor","","indoor"
181,"im7146.jpg","clouds; plant_life; sky; transport; tree","",""
182,"im20067.jpg","","",""
183,"im12477.jpg","female; male; night; people; sky; structures","male; night; people",""
184,"im10837.jpg","sea; structures; water","",""
185,"im23666.jpg","animals; dog","dog","animals; dog"
186,"im390.jpg","female; people; portrait","female; people; portrait",""
187,"im3274.jpg","structures","",""
188,"im24644.jpg","animals; dog; indoor","dog","animals; dog; indoor"
189,"im412.jpg","animals; plant_life","","animals"
190,"im20413.jpg","animals; structures","","animals"
191,"im13570.jpg","food; indoor","","indoor"
192,"im24035.jpg","animals; indoor","","animals; indoor"
193,"im18645.jpg","male; night; people; plant_life; sky; structures; transport; tree","male; night; people",""
194,"im11847.jpg","clouds; female; male; people; plant_life; sky; structures; tree","clouds",""
195,"im4434.jpg","animals; bird; water","bird","animals"
196,"im13004.jpg","clouds; male; people; sky; structures","male; people",""
197,"im24324.jpg","animals","","animals"
198,"im4633.jpg","indoor","","indoor"
199,"im7288.jpg","clouds; male; people; sea; sky; water","male; people",""
200,"im6031.jpg","animals; plant_life","","animals"
201,"im3256.jpg","female; indoor; male; people","female; people","indoor"
202,"im2112.jpg","clouds; plant_life; river; sky; structures; water","",""
203,"im24560.jpg","female; people; portrait; structures; sunset","female; people; portrait",""
204,"im2149.jpg","food; indoor","","indoor"
205,"im14647.jpg","animals; night; plant_life","","animals"
206,"im9838.jpg","animals; dog; food; indoor; sky; structures","","animals; dog; indoor"
207,"im20978.jpg","animals; dog","dog","animals; dog"
208,"im13582.jpg","indoor","","indoor"
209,"im24714.jpg","animals; plant_life; water","","animals"
210,"im24750.jpg","animals; dog; indoor; male; people","dog","animals; dog; indoor"
211,"im17758.jpg","animals; indoor; people","","animals; indoor"
212,"im7411.jpg","indoor; night","","indoor"
213,"im16635.jpg","indoor","","indoor"
214,"im10430.jpg","female; indoor; people","","indoor"
215,"im341.jpg","clouds; sky; structures","",""
216,"im21575.jpg","animals; plant_life","","animals"
217,"im1399.jpg","animals; dog; plant_life","dog","animals; dog"
218,"im22595.jpg","animals; dog; food","dog","animals; dog"
219,"im24723.jpg","animals; female; male; people; plant_life","","animals"
220,"im11096.jpg","clouds; male; people; plant_life; river; sky; structures; transport; tree; water","male; people",""
221,"im19958.jpg","lake; plant_life; sky; tree; water","",""
222,"im3212.jpg","female; indoor; people; portrait","female; people; portrait","indoor"
223,"im3677.jpg","clouds; night; sky; structures; sunset","night",""
224,"im12872.jpg","indoor","","indoor"
225,"im14108.jpg","animals; clouds; dog; lake; plant_life; river; sea; sky; water","dog","animals; dog"
226,"im19138.jpg","female; male; people; portrait; structures","female; male; people; portrait",""
227,"im8041.jpg","animals; indoor","","animals; indoor"
228,"im11808.jpg","animals; dog; plant_life","dog","animals; dog"
229,"im11483.jpg","female; people; structures","female; people",""
230,"im15264.jpg","animals; dog; structures","dog","animals; dog"
231,"im2883.jpg","animals; bird; plant_life; water","bird","animals"
232,"im15013.jpg","plant_life; sky; structures; tree","",""
233,"im15775.jpg","animals; plant_life; tree","","animals"
234,"im24858.jpg","food; indoor; male; people","","indoor"
235,"im10480.jpg","animals; dog; plant_life; tree","dog","animals; dog"
236,"im10656.jpg","car; sky; structures; transport","",""
237,"im24736.jpg","indoor; male; people; portrait","male; people; portrait","indoor"
238,"im11916.jpg","car; plant_life; sky; structures; transport; tree","car",""
239,"im8106.jpg","indoor; male; people","people","indoor"
240,"im24709.jpg","animals; dog; flower; plant_life; structures","dog","animals; dog"
241,"im23094.jpg","car; clouds; plant_life; sky; structures; transport; tree","car",""
242,"im3981.jpg","food; indoor; male; people","","indoor"
243,"im6763.jpg","indoor","","indoor"
244,"im2866.jpg","clouds; sky; structures","clouds",""
245,"im5336.jpg","female; indoor; people; portrait","female; people; portrait","indoor"
246,"im6923.jpg","female; male; people; sky; structures; transport","people",""
247,"im10836.jpg","indoor","","indoor"
248,"im20061.jpg","animals; plant_life; sky; structures; tree","","animals"
249,"im12231.jpg","indoor","","indoor"
250,"im3765.jpg","food; indoor; people","","indoor"
251,"im3724.jpg","indoor","","indoor"
252,"im1676.jpg","animals; flower; plant_life","flower","animals"
253,"im23587.jpg","female; people; plant_life; sky","female; people",""
254,"im2835.jpg","animals; male; people; plant_life","","animals"
255,"im15591.jpg","male; night; people; portrait; sky; structures; transport","male; people; portrait",""
256,"im9176.jpg","food; indoor","","indoor"
257,"im7428.jpg","food","",""
258,"im9065.jpg","car; transport","car",""
259,"im10258.jpg","indoor; male; people","male; people","indoor"
260,"im22415.jpg","animals; indoor","","animals; indoor"
261,"im21377.jpg","food; indoor; people","","indoor"
262,"im8258.jpg","animals; car; dog; sky; structures; transport","dog","animals; dog"
263,"im12523.jpg","animals","","animals"
264,"im16402.jpg","animals; dog; indoor","dog","animals; dog; indoor"
265,"im4902.jpg","lake; male; people; plant_life; river; sky; tree; water","male; people; river",""
266,"im20501.jpg","animals; female; people","female; people","animals"
267,"im15812.jpg","people","",""
268,"im8662.jpg","food; structures","",""
269,"im24936.jpg","animals; plant_life","","animals"
270,"im10972.jpg","animals; dog; indoor","dog","animals; dog; indoor"
271,"im12459.jpg","male; people; structures","",""
272,"im11601.jpg","indoor","","indoor"
273,"im7827.jpg","animals; dog; indoor","dog","animals; dog; indoor"
274,"im6598.jpg","car; clouds; night; plant_life; sky; structures; transport; tree","",""
275,"im13097.jpg","food; indoor","","indoor"
276,"im17454.jpg","clouds; sky; structures","",""
277,"im22776.jpg","female; indoor; people; portrait","female; people; portrait","indoor"
278,"im22708.jpg","animals; dog","dog","animals; dog"
279,"im8618.jpg","indoor; male; people","male; people","indoor"
280,"im13514.jpg","female; indoor; people; portrait","female; people; portrait","indoor"
281,"im8529.jpg","animals; dog; indoor","dog","animals; dog; indoor"
282,"im21837.jpg","animals; water","","animals"
283,"im5857.jpg","indoor","","indoor"
284,"im13592.jpg","food; indoor; male; people","","indoor"
285,"im19574.jpg","sky; water","",""
286,"im7890.jpg","animals; dog; indoor","dog","animals; dog; indoor"
287,"im15982.jpg","animals; flower; plant_life","flower","animals"
288,"im4909.jpg","female; indoor; people; portrait","female; people; portrait","indoor"
289,"im23678.jpg","plant_life; sky; structures; tree","",""
290,"im17618.jpg","indoor; male; people","","indoor"
291,"im23919.jpg","plant_life; sky; structures; transport; tree","",""
292,"im21508.jpg","food; indoor","","indoor"
293,"im5466.jpg","animals; bird; plant_life","bird","animals"
294,"im18216.jpg","flower; indoor; plant_life","","indoor"
295,"im18708.jpg","indoor; male; people; plant_life","","indoor"
296,"im7565.jpg","clouds; plant_life; river; sky; structures; sunset; transport; water","clouds",""
297,"im1426.jpg","animals; night; structures","","animals"
298,"im22647.jpg","indoor","","indoor"
299,"im11584.jpg","indoor; male; people; portrait","male; people; portrait","indoor"
300,"im15637.jpg","clouds; female; lake; male; people; sky; structures; sunset; transport; water","people",""
301,"im7881.jpg","female; indoor; people","","indoor"
302,"im7387.jpg","indoor","","indoor"
303,"im5604.jpg","baby; indoor; people; portrait","baby; people; portrait","indoor"
304,"im19424.jpg","river; sea; sky; structures; water","",""
305,"im20602.jpg","animals; dog; indoor","dog","animals; dog; indoor"
306,"im8211.jpg","food; indoor","","indoor"
307,"im23428.jpg","animals; dog; structures","dog","animals; dog"
308,"im20299.jpg","car; female; people; plant_life; structures; transport; tree","female; people",""
309,"im14551.jpg","car; female; people; sky; structures; transport; water","female; people",""
310,"im18963.jpg","animals; dog; female; male; people","dog","animals; dog"
311,"im14027.jpg","male; people; portrait; transport","male; people; portrait",""
312,"im3603.jpg","animals","","animals"
313,"im24314.jpg","animals; bird; plant_life; structures","bird","animals"
314,"im21665.jpg","male; people; portrait","male; people; portrait",""
315,"im24304.jpg","animals; bird; plant_life","bird","animals"
316,"im19590.jpg","structures","",""
317,"im9143.jpg","male; people; structures","male; people",""
318,"im2831.jpg","indoor","","indoor"
319,"im19570.jpg","food","",""
320,"im7235.jpg","female; people; plant_life; portrait; sky; tree","female; people; portrait",""
321,"im815.jpg","clouds; plant_life; sky; structures; transport; tree","",""
322,"im16359.jpg","male; people; structures","male; people",""
323,"im23227.jpg","animals; indoor","","animals; indoor"
324,"im1881.jpg","indoor; water","","indoor"
325,"im3114.jpg","animals; bird; plant_life; river; water","bird","animals"
326,"im14727.jpg","male; people; water","male; people",""
327,"im10704.jpg","structures; transport","",""
328,"im24488.jpg","female; people; plant_life; sky; structures; water","",""
329,"im3372.jpg","animals; clouds; dog; plant_life; sky; tree","dog; tree","animals; dog"
330,"im6847.jpg","female; indoor; people; portrait","female; people; portrait","indoor"
331,"im72.jpg","car; transport","car",""
332,"im10938.jpg","female; people; plant_life; portrait; sky; structures; water","female; people; portrait",""
333,"im17497.jpg","animals; dog; indoor","dog","animals; dog; indoor"
334,"im21091.jpg","female; indoor; male; people; portrait","female; male; people; portrait","indoor"
335,"im11222.jpg","female; people","",""
336,"im23332.jpg","male; people; plant_life; sky; structures; transport; tree","male; people",""
337,"im11077.jpg","indoor","","indoor"
338,"im17608.jpg","animals; bird; indoor","","animals; indoor"
339,"im19100.jpg","female; indoor; male; people; portrait","male; people; portrait","indoor"
340,"im12138.jpg","indoor; male; people","male; people","indoor"
341,"im15086.jpg","female; indoor; people","","indoor"
342,"im3280.jpg","indoor","","indoor"
343,"im2210.jpg","animals; bird; plant_life","bird","animals"
344,"im22079.jpg","animals; dog; indoor","dog","animals; dog; indoor"
345,"im24173.jpg","plant_life; structures; transport; tree","",""
346,"im10200.jpg","indoor","","indoor"
347,"im2795.jpg","female; indoor; people","","indoor"
348,"im20308.jpg","lake; river; transport; water","",""
349,"im24498.jpg","clouds; plant_life; sky; structures; tree","clouds",""
350,"im4780.jpg","animals; indoor; people","","animals; indoor"
351,"im9430.jpg","animals; bird; plant_life; sky; tree","bird","animals"
352,"im56.jpg","car; clouds; plant_life; sky; transport; tree","car",""
353,"im15844.jpg","clouds; plant_life; sky; structures; transport; tree","",""
354,"im9961.jpg","lake; night; sea; sky; structures; water","night",""
355,"im9651.jpg","indoor","","indoor"
356,"im9553.jpg","indoor; plant_life; structures; transport; tree","","indoor"
357,"im10245.jpg","night; plant_life; sky; structures; tree","night",""
358,"im19888.jpg","indoor","","indoor"
359,"im17811.jpg","animals; bird; indoor","bird","animals; indoor"
360,"im17836.jpg","animals; dog; plant_life; tree","dog","animals; dog"
361,"im8960.jpg","indoor; night; plant_life; structures; tree","","indoor"
362,"im8764.jpg","indoor; night","","indoor"
363,"im12399.jpg","food; indoor","","indoor"
364,"im4532.jpg","clouds; plant_life; sky; structures; sunset; transport; tree","",""
365,"im4326.jpg","car; plant_life; sky; structures; transport; tree","car",""
366,"im23639.jpg","clouds; night; plant_life; sky; structures; sunset; tree","",""
367,"im18131.jpg","indoor; male; people; portrait","male; people; portrait","indoor"
368,"im21138.jpg","indoor; male; people","male; people","indoor"
369,"im12703.jpg","food; indoor","","indoor"
370,"im18111.jpg","female; male; people; plant_life; portrait; sky; structures; tree","female; people; portrait",""
371,"im4930.jpg","animals; dog; indoor","dog","animals; dog; indoor"
372,"im4708.jpg","animals","","animals"
373,"im11809.jpg","animals; dog","dog","animals; dog"
374,"im6852.jpg","food","",""
375,"im20016.jpg","flower; indoor; plant_life","","indoor"
376,"im22534.jpg","animals; bird; plant_life; structures","bird","animals"
377,"im23202.jpg","animals; bird; plant_life","bird","animals"
378,"im16729.jpg","female; people; portrait","female; people; portrait",""
379,"im12545.jpg","female; indoor; people","female","indoor"
380,"im3538.jpg","clouds; night; sky; structures; sunset","night",""
381,"im22646.jpg","female; indoor; night; people; portrait","female; people; portrait","indoor"
382,"im7299.jpg","animals; dog; indoor","dog","animals; dog; indoor"
383,"im14246.jpg","animals; bird; plant_life; tree","bird","animals"
384,"im14580.jpg","indoor","","indoor"
385,"im19366.jpg","animals; dog; indoor","dog","animals; dog; indoor"
386,"im9768.jpg","indoor; structures","","indoor"
387,"im8597.jpg","sky; structures","",""
388,"im6994.jpg","animals; dog; plant_life","dog","animals; dog"
389,"im455.jpg","indoor; night; people","","indoor"
390,"im14423.jpg","plant_life; sky; structures; transport","",""
391,"im16129.jpg","indoor","","indoor"
392,"im12600.jpg","flower; plant_life; sky; structures; tree","",""
393,"im2766.jpg","food; indoor","","indoor"
394,"im10133.jpg","indoor","","indoor"
395,"im8556.jpg","animals","","animals"
396,"im15380.jpg","car; plant_life; sky; structures; transport; tree","car",""
397,"im569.jpg","plant_life; sky; structures; tree","",""
398,"im2626.jpg","indoor; night","","indoor"
399,"im11050.jpg","animals; bird; plant_life; sky","bird","animals"
400,"im18524.jpg","female; indoor; people","female; people","indoor"
401,"im13052.jpg","plant_life; sky; structures; transport","",""
402,"im18582.jpg","animals; sea; water","","animals"
403,"im11750.jpg","indoor; people","","indoor"
404,"im19267.jpg","structures","",""
405,"im7544.jpg","animals; bird; lake; sea; sky; structures; sunset; water","","animals"
406,"im669.jpg","indoor; people","","indoor"
407,"im6697.jpg","indoor","","indoor"
408,"im4950.jpg","indoor; male; people","male; people","indoor"
409,"im5495.jpg","car; plant_life; sky; structures; transport; tree","car",""
410,"im12463.jpg","animals; water","","animals"
411,"im16454.jpg","clouds; lake; sky; structures; sunset; water","clouds",""
412,"im9193.jpg","indoor","","indoor"
413,"im17567.jpg","clouds; plant_life; sky; structures; tree; water","",""
414,"im1227.jpg","","",""
415,"im17716.jpg","food; plant_life","",""
416,"im9341.jpg","night; sky; structures; sunset; transport; water","night",""
417,"im13641.jpg","car; indoor; transport","car","indoor"
418,"im1252.jpg","flower; plant_life","",""
419,"im10897.jpg","animals; indoor; male; people","male; people","animals; indoor"
420,"im13467.jpg","clouds; male; people; plant_life; sky; structures; transport; tree","people",""
421,"im18761.jpg","animals; clouds; lake; plant_life; sea; sky; water","clouds","animals"
422,"im16197.jpg","sea; sky; structures; water","sea",""
423,"im5218.jpg","animals; bird; plant_life","bird","animals"
424,"im12674.jpg","female; indoor; people","","indoor"
425,"im15998.jpg","animals; bird; lake; river; water","bird","animals"
426,"im988.jpg","animals; indoor; male; night; people; plant_life","male; people","animals; indoor"
427,"im10921.jpg","food; indoor","","indoor"
428,"im8844.jpg","indoor; night","","indoor"
429,"im24678.jpg","car; plant_life; sky; transport","car",""
430,"im23764.jpg","animals; dog; indoor","dog","animals; dog; indoor"
431,"im18858.jpg","animals","","animals"
432,"im7116.jpg","animals; indoor","","animals; indoor"
433,"im18396.jpg","animals; plant_life","","animals"
434,"im18343.jpg","animals; dog; plant_life","dog","animals; dog"
435,"im3453.jpg","animals; plant_life","","animals"
436,"im3983.jpg","food","",""
437,"im5152.jpg","animals","","animals"
438,"im15465.jpg","indoor; male; people; portrait; structures","male; people; portrait","indoor"
439,"im24385.jpg","structures; transport","",""
440,"im21463.jpg","female; indoor; people; portrait","female; people; portrait","indoor"
441,"im19675.jpg","male; people; plant_life; structures","male; people",""
442,"im8167.jpg","animals","","animals"
443,"im2455.jpg","clouds; male; people; plant_life; sky; structures; tree","clouds; male; people",""
444,"im12444.jpg","plant_life; structures","",""
445,"im9906.jpg","animals; bird","bird","animals"
446,"im14498.jpg","indoor","","indoor"
447,"im1681.jpg","clouds; people; plant_life; sky; structures; tree","",""
448,"im21761.jpg","plant_life; structures; transport","",""
449,"im10064.jpg","female; indoor; male; people; structures","people","indoor"
450,"im4076.jpg","indoor; male; people; portrait","male; people; portrait","indoor"
451,"im17409.jpg","animals; dog; male; people","dog; male; people","animals; dog"
452,"im13797.jpg","clouds; sea; sky; transport; water","clouds; sea",""
453,"im15310.jpg","male; people; portrait","male; people; portrait",""
454,"im1037.jpg","animals; dog; flower; male; people; plant_life; structures; transport","dog","animals; dog"
455,"im18262.jpg","food; indoor","","indoor"
456,"im15505.jpg","indoor","","indoor"
457,"im23187.jpg","animals; bird; plant_life; structures","bird","animals"
458,"im6959.jpg","clouds; plant_life; sky; structures; sunset","clouds",""
459,"im7582.jpg","indoor","","indoor"
460,"im8330.jpg","animals; bird","bird","animals"
461,"im7690.jpg","indoor; plant_life","","indoor"
462,"im12448.jpg","plant_life; sky; structures; transport; tree","",""
463,"im10696.jpg","animals; dog; indoor","dog","animals; dog; indoor"
464,"im20119.jpg","car; plant_life; structures; transport","car",""
465,"im12022.jpg","animals; dog; indoor","dog","animals; dog; indoor"
466,"im24521.jpg","animals; dog; plant_life; sky","dog","animals; dog"
467,"im15814.jpg","animals; clouds; dog; sky","dog","animals; dog"
468,"im14948.jpg","animals; dog; indoor","dog","animals; dog; indoor"
469,"im17203.jpg","food; indoor","","indoor"
470,"im12171.jpg","female; indoor; night; people; portrait","female; people; portrait","indoor"
471,"im71.jpg","people","",""
472,"im301.jpg","indoor; male; people; portrait","male; people; portrait","indoor"
473,"im10590.jpg","animals; plant_life","","animals"
474,"im20633.jpg","indoor","","indoor"
475,"im23660.jpg","car; female; indoor; people; transport","car","indoor"
476,"im3381.jpg","indoor","","indoor"
477,"im13427.jpg","animals; dog; indoor","dog","animals; dog; indoor"
478,"im8460.jpg","animals; dog; indoor","dog","animals; dog; indoor"
479,"im580.jpg","clouds; male; people; plant_life; sky; tree","male; people",""
480,"im15783.jpg","clouds; plant_life; sky; structures","",""
481,"im18188.jpg","car; female; male; people; structures; transport","car",""
482,"im6389.jpg","car; plant_life; sky; structures; transport; tree","car",""
483,"im12828.jpg","car; male; people; plant_life; sky; structures; transport; tree","car",""
484,"im19929.jpg","sky; structures","",""
485,"im17980.jpg","indoor","","indoor"
486,"im21444.jpg","animals; bird; structures","bird","animals"
487,"im144.jpg","indoor; male; night; people","male; people","indoor"
488,"im9131.jpg","animals; plant_life","","animals"
489,"im10637.jpg","clouds; plant_life; sky; structures; transport; tree","",""
490,"im22649.jpg","animals; bird; plant_life","bird","animals"
491,"im12628.jpg","plant_life; structures; transport; tree","",""
492,"im1290.jpg","indoor; transport","","indoor"
493,"im13121.jpg","animals; plant_life; tree","","animals"
494,"im10281.jpg","indoor; male; people; portrait; structures","male; people; portrait","indoor"
495,"im12099.jpg","plant_life; structures","",""
496,"im2611.jpg","indoor; male; people","","indoor"
497,"im3069.jpg","indoor; water","","indoor"
498,"im5402.jpg","clouds; plant_life; sky; sunset; transport","",""
499,"im9106.jpg","animals; dog; indoor","dog","animals; dog; indoor"
500,"im19101.jpg","animals; bird; food; plant_life","bird","animals"
